source_file,source_stem,system,Temp (degree Celsius),x_label,y_label,time_min,-ln(1-conversion) (actual)
MMA_fig2a.xlsx,MMA_fig2a,MMA,45.00,time(min),-ln(1-conversion),9.14634146341464,0.12397810816764832
MMA_fig2a.xlsx,MMA_fig2a,MMA,45.00,time(min),-ln(1-conversion),10.457776688319651,0.13190922141075134
MMA_fig2a.xlsx,MMA_fig2a,MMA,45.00,time(min),-ln(1-conversion),11.769211913224664,0.13973590731620789
MMA_fig2a.xlsx,MMA_fig2a,MMA,45.00,time(min),-ln(1-conversion),13.080647138129676,0.14746275544166565
MMA_fig2a.xlsx,MMA_fig2a,MMA,45.00,time(min),-ln(1-conversion),14.392082363034689,0.15509328246116638
MMA_fig2a.xlsx,MMA_fig2a,MMA,45.00,time(min),-ln(1-conversion),15.7035175879397,0.16263127326965332
MMA_fig2a.xlsx,MMA_fig2a,MMA,45.00,time(min),-ln(1-conversion),17.01495281284471,0.17007958889007568
MMA_fig2a.xlsx,MMA_fig2a,MMA,45.00,time(min),-ln(1-conversion),18.326388037749723,0.17744114995002747
MMA_fig2a.xlsx,MMA_fig2a,MMA,45.00,time(min),-ln(1-conversion),19.637823262654734,0.18471825122833252
MMA_fig2a.xlsx,MMA_fig2a,MMA,45.00,time(min),-ln(1-conversion),20.949258487559746,0.1919127106666565
MMA_fig2a.xlsx,MMA_fig2a,MMA,45.00,time(min),-ln(1-conversion),22.26069371246476,0.19902613759040833
MMA_fig2a.xlsx,MMA_fig2a,MMA,45.00,time(min),-ln(1-conversion),23.572128937369772,0.2060595452785492
MMA_fig2a.xlsx,MMA_fig2a,MMA,45.00,time(min),-ln(1-conversion),24.883564162274784,0.21301376819610596
MMA_fig2a.xlsx,MMA_fig2a,MMA,45.00,time(min),-ln(1-conversion),26.194999387179795,0.21988916397094727
MMA_fig2a.xlsx,MMA_fig2a,MMA,45.00,time(min),-ln(1-conversion),27.50643461208481,0.22668564319610596
MMA_fig2a.xlsx,MMA_fig2a,MMA,45.00,time(min),-ln(1-conversion),28.81786983698982,0.23340313136577606
MMA_fig2a.xlsx,MMA_fig2a,MMA,45.00,time(min),-ln(1-conversion),30.129305061894833,0.24004103243350983
MMA_fig2a.xlsx,MMA_fig2a,MMA,45.00,time(min),-ln(1-conversion),31.440740286799844,0.24659866094589233
MMA_fig2a.xlsx,MMA_fig2a,MMA,45.00,time(min),-ln(1-conversion),32.752175511704856,0.25307515263557434
MMA_fig2a.xlsx,MMA_fig2a,MMA,45.00,time(min),-ln(1-conversion),34.063610736609874,0.25946950912475586
MMA_fig2a.xlsx,MMA_fig2a,MMA,45.00,time(min),-ln(1-conversion),35.375045961514886,0.26578056812286377
MMA_fig2a.xlsx,MMA_fig2a,MMA,45.00,time(min),-ln(1-conversion),36.6864811864199,0.2720071077346802
MMA_fig2a.xlsx,MMA_fig2a,MMA,45.00,time(min),-ln(1-conversion),37.99791641132491,0.2781480550765991
MMA_fig2a.xlsx,MMA_fig2a,MMA,45.00,time(min),-ln(1-conversion),39.30935163622992,0.28420206904411316
MMA_fig2a.xlsx,MMA_fig2a,MMA,45.00,time(min),-ln(1-conversion),40.62078686113493,0.2901681065559387
MMA_fig2a.xlsx,MMA_fig2a,MMA,45.00,time(min),-ln(1-conversion),41.93222208603994,0.29604512453079224
MMA_fig2a.xlsx,MMA_fig2a,MMA,45.00,time(min),-ln(1-conversion),43.243657310944954,0.30183202028274536
MMA_fig2a.xlsx,MMA_fig2a,MMA,45.00,time(min),-ln(1-conversion),44.555092535849965,0.30752813816070557
MMA_fig2a.xlsx,MMA_fig2a,MMA,45.00,time(min),-ln(1-conversion),45.86652776075498,0.31313270330429077
MMA_fig2a.xlsx,MMA_fig2a,MMA,45.00,time(min),-ln(1-conversion),47.17796298565999,0.318645179271698
MMA_fig2a.xlsx,MMA_fig2a,MMA,45.00,time(min),-ln(1-conversion),48.489398210565,0.32406526803970337
MMA_fig2a.xlsx,MMA_fig2a,MMA,45.00,time(min),-ln(1-conversion),49.80083343547001,0.32939282059669495
MMA_fig2a.xlsx,MMA_fig2a,MMA,45.00,time(min),-ln(1-conversion),51.11226866037502,0.33462783694267273
MMA_fig2a.xlsx,MMA_fig2a,MMA,45.00,time(min),-ln(1-conversion),52.423703885280034,0.3397705554962158
MMA_fig2a.xlsx,MMA_fig2a,MMA,45.00,time(min),-ln(1-conversion),53.735139110185045,0.3448214530944824
MMA_fig2a.xlsx,MMA_fig2a,MMA,45.00,time(min),-ln(1-conversion),55.04657433509006,0.34978121519088745
MMA_fig2a.xlsx,MMA_fig2a,MMA,45.00,time(min),-ln(1-conversion),56.35800955999507,0.3546505570411682
MMA_fig2a.xlsx,MMA_fig2a,MMA,45.00,time(min),-ln(1-conversion),57.66944478490008,0.3594306707382202
MMA_fig2a.xlsx,MMA_fig2a,MMA,45.00,time(min),-ln(1-conversion),58.980880009805105,0.3641226291656494
MMA_fig2a.xlsx,MMA_fig2a,MMA,45.00,time(min),-ln(1-conversion),60.29231523471012,0.36872798204421997
MMA_fig2a.xlsx,MMA_fig2a,MMA,45.00,time(min),-ln(1-conversion),61.60375045961513,0.3732481300830841
MMA_fig2a.xlsx,MMA_fig2a,MMA,45.00,time(min),-ln(1-conversion),62.91518568452014,0.37768495082855225
MMA_fig2a.xlsx,MMA_fig2a,MMA,45.00,time(min),-ln(1-conversion),64.22662090942515,0.38204023241996765
MMA_fig2a.xlsx,MMA_fig2a,MMA,45.00,time(min),-ln(1-conversion),65.53805613433016,0.38631588220596313
MMA_fig2a.xlsx,MMA_fig2a,MMA,45.00,time(min),-ln(1-conversion),66.84949135923517,0.3905142545700073
MMA_fig2a.xlsx,MMA_fig2a,MMA,45.00,time(min),-ln(1-conversion),68.16092658414019,0.39463740587234497
MMA_fig2a.xlsx,MMA_fig2a,MMA,45.00,time(min),-ln(1-conversion),69.4723618090452,0.39868754148483276
MMA_fig2a.xlsx,MMA_fig2a,MMA,45.00,time(min),-ln(1-conversion),70.78379703395021,0.40266725420951843
MMA_fig2a.xlsx,MMA_fig2a,MMA,45.00,time(min),-ln(1-conversion),72.09523225885522,0.4065788984298706
MMA_fig2a.xlsx,MMA_fig2a,MMA,45.00,time(min),-ln(1-conversion),73.40666748376023,0.4104250371456146
MMA_fig2a.xlsx,MMA_fig2a,MMA,45.00,time(min),-ln(1-conversion),74.71810270866524,0.41420814394950867
MMA_fig2a.xlsx,MMA_fig2a,MMA,45.00,time(min),-ln(1-conversion),76.02953793357025,0.41793087124824524
MMA_fig2a.xlsx,MMA_fig2a,MMA,45.00,time(min),-ln(1-conversion),77.34097315847526,0.42159584164619446
MMA_fig2a.xlsx,MMA_fig2a,MMA,45.00,time(min),-ln(1-conversion),78.65240838338028,0.4252054989337921
MMA_fig2a.xlsx,MMA_fig2a,MMA,45.00,time(min),-ln(1-conversion),79.9638436082853,0.42876267433166504
MMA_fig2a.xlsx,MMA_fig2a,MMA,45.00,time(min),-ln(1-conversion),81.27527883319031,0.43226978182792664
MMA_fig2a.xlsx,MMA_fig2a,MMA,45.00,time(min),-ln(1-conversion),82.58671405809532,0.4357295334339142
MMA_fig2a.xlsx,MMA_fig2a,MMA,45.00,time(min),-ln(1-conversion),83.89814928300034,0.43914443254470825
MMA_fig2a.xlsx,MMA_fig2a,MMA,45.00,time(min),-ln(1-conversion),85.20958450790535,0.4425169825553894
MMA_fig2a.xlsx,MMA_fig2a,MMA,45.00,time(min),-ln(1-conversion),86.52101973281036,0.4458496570587158
MMA_fig2a.xlsx,MMA_fig2a,MMA,45.00,time(min),-ln(1-conversion),87.83245495771537,0.44914495944976807
MMA_fig2a.xlsx,MMA_fig2a,MMA,45.00,time(min),-ln(1-conversion),89.14389018262038,0.4524052143096924
MMA_fig2a.xlsx,MMA_fig2a,MMA,45.00,time(min),-ln(1-conversion),90.4553254075254,0.45563268661499023
MMA_fig2a.xlsx,MMA_fig2a,MMA,45.00,time(min),-ln(1-conversion),91.7667606324304,0.458829790353775
MMA_fig2a.xlsx,MMA_fig2a,MMA,45.00,time(min),-ln(1-conversion),93.07819585733542,0.4619986414909363
MMA_fig2a.xlsx,MMA_fig2a,MMA,45.00,time(min),-ln(1-conversion),94.38963108224043,0.4651413559913635
MMA_fig2a.xlsx,MMA_fig2a,MMA,45.00,time(min),-ln(1-conversion),95.70106630714544,0.4682599902153015
MMA_fig2a.xlsx,MMA_fig2a,MMA,45.00,time(min),-ln(1-conversion),97.01250153205045,0.47135668992996216
MMA_fig2a.xlsx,MMA_fig2a,MMA,45.00,time(min),-ln(1-conversion),98.32393675695546,0.4744332730770111
MMA_fig2a.xlsx,MMA_fig2a,MMA,45.00,time(min),-ln(1-conversion),99.63537198186047,0.4774915874004364
MMA_fig2a.xlsx,MMA_fig2a,MMA,45.00,time(min),-ln(1-conversion),100.94680720676548,0.4805334210395813
MMA_fig2a.xlsx,MMA_fig2a,MMA,45.00,time(min),-ln(1-conversion),102.2582424316705,0.4835605025291443
MMA_fig2a.xlsx,MMA_fig2a,MMA,45.00,time(min),-ln(1-conversion),103.56967765657551,0.4865744411945343
MMA_fig2a.xlsx,MMA_fig2a,MMA,45.00,time(min),-ln(1-conversion),104.88111288148052,0.4895768165588379
MMA_fig2a.xlsx,MMA_fig2a,MMA,45.00,time(min),-ln(1-conversion),106.19254810638553,0.49256911873817444
MMA_fig2a.xlsx,MMA_fig2a,MMA,45.00,time(min),-ln(1-conversion),107.50398333129056,0.4955526292324066
MMA_fig2a.xlsx,MMA_fig2a,MMA,45.00,time(min),-ln(1-conversion),108.81541855619557,0.4985288679599762
MMA_fig2a.xlsx,MMA_fig2a,MMA,45.00,time(min),-ln(1-conversion),110.12685378110058,0.5014989972114563
MMA_fig2a.xlsx,MMA_fig2a,MMA,45.00,time(min),-ln(1-conversion),111.43828900600559,0.5044641494750977
MMA_fig2a.xlsx,MMA_fig2a,MMA,45.00,time(min),-ln(1-conversion),112.7497242309106,0.5074255466461182
MMA_fig2a.xlsx,MMA_fig2a,MMA,45.00,time(min),-ln(1-conversion),114.06115945581561,0.510384202003479
MMA_fig2a.xlsx,MMA_fig2a,MMA,45.00,time(min),-ln(1-conversion),115.37259468072062,0.5133411884307861
MMA_fig2a.xlsx,MMA_fig2a,MMA,45.00,time(min),-ln(1-conversion),116.68402990562564,0.5162972807884216
MMA_fig2a.xlsx,MMA_fig2a,MMA,45.00,time(min),-ln(1-conversion),117.99546513053065,0.5192534327507019
MMA_fig2a.xlsx,MMA_fig2a,MMA,45.00,time(min),-ln(1-conversion),119.30690035543566,0.5222103595733643
MMA_fig2a.xlsx,MMA_fig2a,MMA,45.00,time(min),-ln(1-conversion),120.61833558034067,0.5251688361167908
MMA_fig2a.xlsx,MMA_fig2a,MMA,45.00,time(min),-ln(1-conversion),121.92977080524568,0.5281296372413635
MMA_fig2a.xlsx,MMA_fig2a,MMA,45.00,time(min),-ln(1-conversion),123.24120603015069,0.5310933589935303
MMA_fig2a.xlsx,MMA_fig2a,MMA,45.00,time(min),-ln(1-conversion),124.5526412550557,0.5340604782104492
MMA_fig2a.xlsx,MMA_fig2a,MMA,45.00,time(min),-ln(1-conversion),125.86407647996072,0.5370316505432129
MMA_fig2a.xlsx,MMA_fig2a,MMA,45.00,time(min),-ln(1-conversion),127.17551170486573,0.5400071740150452
MMA_fig2a.xlsx,MMA_fig2a,MMA,45.00,time(min),-ln(1-conversion),128.48694692977074,0.5429876446723938
MMA_fig2a.xlsx,MMA_fig2a,MMA,45.00,time(min),-ln(1-conversion),129.79838215467575,0.5459734201431274
MMA_fig2a.xlsx,MMA_fig2a,MMA,45.00,time(min),-ln(1-conversion),131.10981737958076,0.5489647388458252
MMA_fig2a.xlsx,MMA_fig2a,MMA,45.00,time(min),-ln(1-conversion),132.42125260448577,0.5519620776176453
MMA_fig2a.xlsx,MMA_fig2a,MMA,45.00,time(min),-ln(1-conversion),133.73268782939078,0.5549656748771667
MMA_fig2a.xlsx,MMA_fig2a,MMA,45.00,time(min),-ln(1-conversion),135.0441230542958,0.5579755902290344
MMA_fig2a.xlsx,MMA_fig2a,MMA,45.00,time(min),-ln(1-conversion),136.3555582792008,0.5609921216964722
MMA_fig2a.xlsx,MMA_fig2a,MMA,45.00,time(min),-ln(1-conversion),137.66699350410582,0.5640155076980591
MMA_fig2a.xlsx,MMA_fig2a,MMA,45.00,time(min),-ln(1-conversion),138.97842872901083,0.5670457482337952
MMA_fig2a.xlsx,MMA_fig2a,MMA,45.00,time(min),-ln(1-conversion),140.28986395391584,0.5700831413269043
MMA_fig2a.xlsx,MMA_fig2a,MMA,45.00,time(min),-ln(1-conversion),141.60129917882085,0.5731275677680969
MMA_fig2a.xlsx,MMA_fig2a,MMA,45.00,time(min),-ln(1-conversion),142.91273440372586,0.5761791467666626
MMA_fig2a.xlsx,MMA_fig2a,MMA,45.00,time(min),-ln(1-conversion),144.22416962863088,0.5792379379272461
MMA_fig2a.xlsx,MMA_fig2a,MMA,45.00,time(min),-ln(1-conversion),145.5356048535359,0.582304060459137
MMA_fig2a.xlsx,MMA_fig2a,MMA,45.00,time(min),-ln(1-conversion),146.8470400784409,0.5853773355484009
MMA_fig2a.xlsx,MMA_fig2a,MMA,45.00,time(min),-ln(1-conversion),148.1584753033459,0.5884575843811035
MMA_fig2a.xlsx,MMA_fig2a,MMA,45.00,time(min),-ln(1-conversion),149.46991052825095,0.5915451049804688
MMA_fig2a.xlsx,MMA_fig2a,MMA,45.00,time(min),-ln(1-conversion),150.78134575315596,0.5946396589279175
MMA_fig2a.xlsx,MMA_fig2a,MMA,45.00,time(min),-ln(1-conversion),152.09278097806097,0.5977412462234497
MMA_fig2a.xlsx,MMA_fig2a,MMA,45.00,time(min),-ln(1-conversion),153.40421620296598,0.6008496880531311
MMA_fig2a.xlsx,MMA_fig2a,MMA,45.00,time(min),-ln(1-conversion),154.715651427871,0.6039649248123169
MMA_fig2a.xlsx,MMA_fig2a,MMA,45.00,time(min),-ln(1-conversion),156.027086652776,0.6070868372917175
MMA_fig2a.xlsx,MMA_fig2a,MMA,45.00,time(min),-ln(1-conversion),157.33852187768102,0.6102152466773987
MMA_fig2a.xlsx,MMA_fig2a,MMA,45.00,time(min),-ln(1-conversion),158.64995710258603,0.6133500337600708
MMA_fig2a.xlsx,MMA_fig2a,MMA,45.00,time(min),-ln(1-conversion),159.96139232749104,0.6164911985397339
MMA_fig2a.xlsx,MMA_fig2a,MMA,45.00,time(min),-ln(1-conversion),161.27282755239605,0.6196383833885193
MMA_fig2a.xlsx,MMA_fig2a,MMA,45.00,time(min),-ln(1-conversion),162.58426277730106,0.6227914690971375
MMA_fig2a.xlsx,MMA_fig2a,MMA,45.00,time(min),-ln(1-conversion),163.89569800220607,0.6259504556655884
MMA_fig2a.xlsx,MMA_fig2a,MMA,45.00,time(min),-ln(1-conversion),165.2071332271111,0.6291149258613586
MMA_fig2a.xlsx,MMA_fig2a,MMA,45.00,time(min),-ln(1-conversion),166.5185684520161,0.6322848200798035
MMA_fig2a.xlsx,MMA_fig2a,MMA,45.00,time(min),-ln(1-conversion),167.8300036769211,0.6354601383209229
MMA_fig2a.xlsx,MMA_fig2a,MMA,45.00,time(min),-ln(1-conversion),169.14143890182612,0.6386403441429138
MMA_fig2a.xlsx,MMA_fig2a,MMA,45.00,time(min),-ln(1-conversion),170.45287412673113,0.6418254971504211
MMA_fig2a.xlsx,MMA_fig2a,MMA,45.00,time(min),-ln(1-conversion),171.76430935163614,0.645015299320221
MMA_fig2a.xlsx,MMA_fig2a,MMA,45.00,time(min),-ln(1-conversion),173.07574457654115,0.6482095718383789
MMA_fig2a.xlsx,MMA_fig2a,MMA,45.00,time(min),-ln(1-conversion),174.38717980144617,0.6514080762863159
MMA_fig2a.xlsx,MMA_fig2a,MMA,45.00,time(min),-ln(1-conversion),175.69861502635118,0.6546106934547424
MMA_fig2a.xlsx,MMA_fig2a,MMA,45.00,time(min),-ln(1-conversion),177.0100502512562,0.6578171849250793
MMA_fig2a.xlsx,MMA_fig2a,MMA,45.00,time(min),-ln(1-conversion),178.3214854761612,0.6610273718833923
MMA_fig2a.xlsx,MMA_fig2a,MMA,45.00,time(min),-ln(1-conversion),179.6329207010662,0.6642410755157471
MMA_fig2a.xlsx,MMA_fig2a,MMA,45.00,time(min),-ln(1-conversion),180.94435592597122,0.6674579381942749
MMA_fig2a.xlsx,MMA_fig2a,MMA,45.00,time(min),-ln(1-conversion),182.25579115087623,0.6706779599189758
MMA_fig2a.xlsx,MMA_fig2a,MMA,45.00,time(min),-ln(1-conversion),183.56722637578125,0.673900842666626
MMA_fig2a.xlsx,MMA_fig2a,MMA,45.00,time(min),-ln(1-conversion),184.87866160068626,0.6771262884140015
MMA_fig2a.xlsx,MMA_fig2a,MMA,45.00,time(min),-ln(1-conversion),186.19009682559127,0.6803542375564575
MMA_fig2a.xlsx,MMA_fig2a,MMA,45.00,time(min),-ln(1-conversion),187.50153205049628,0.6835845708847046
MMA_fig2a.xlsx,MMA_fig2a,MMA,45.00,time(min),-ln(1-conversion),188.8129672754013,0.6868168711662292
MMA_fig2a.xlsx,MMA_fig2a,MMA,45.00,time(min),-ln(1-conversion),190.1244025003063,0.6900509595870972
MMA_fig2a.xlsx,MMA_fig2a,MMA,45.00,time(min),-ln(1-conversion),191.43583772521131,0.6932867169380188
MMA_fig2a.xlsx,MMA_fig2a,MMA,45.00,time(min),-ln(1-conversion),192.74727295011633,0.6965239644050598
MMA_fig2a.xlsx,MMA_fig2a,MMA,45.00,time(min),-ln(1-conversion),194.05870817502134,0.6997624635696411
MMA_fig2a.xlsx,MMA_fig2a,MMA,45.00,time(min),-ln(1-conversion),195.37014339992635,0.7030020356178284
MMA_fig2a.xlsx,MMA_fig2a,MMA,45.00,time(min),-ln(1-conversion),196.68157862483136,0.7062425017356873
MMA_fig2a.xlsx,MMA_fig2a,MMA,45.00,time(min),-ln(1-conversion),197.99301384973637,0.7094836235046387
MMA_fig2a.xlsx,MMA_fig2a,MMA,45.00,time(min),-ln(1-conversion),199.30444907464138,0.7127251625061035
MMA_fig2a.xlsx,MMA_fig2a,MMA,45.00,time(min),-ln(1-conversion),200.6158842995464,0.7159671187400818
MMA_fig2a.xlsx,MMA_fig2a,MMA,45.00,time(min),-ln(1-conversion),201.9273195244514,0.7192091941833496
MMA_fig2a.xlsx,MMA_fig2a,MMA,45.00,time(min),-ln(1-conversion),203.23875474935642,0.722450852394104
MMA_fig2a.xlsx,MMA_fig2a,MMA,45.00,time(min),-ln(1-conversion),204.55018997426143,0.725692629814148
MMA_fig2a.xlsx,MMA_fig2a,MMA,45.00,time(min),-ln(1-conversion),205.86162519916647,0.7289338111877441
MMA_fig2a.xlsx,MMA_fig2a,MMA,45.00,time(min),-ln(1-conversion),207.17306042407148,0.7321743965148926
MMA_fig2a.xlsx,MMA_fig2a,MMA,45.00,time(min),-ln(1-conversion),208.4844956489765,0.7354141473770142
MMA_fig2a.xlsx,MMA_fig2a,MMA,45.00,time(min),-ln(1-conversion),209.7959308738815,0.7386529445648193
MMA_fig2a.xlsx,MMA_fig2a,MMA,45.00,time(min),-ln(1-conversion),211.1073660987865,0.7418904304504395
MMA_fig2a.xlsx,MMA_fig2a,MMA,45.00,time(min),-ln(1-conversion),212.41880132369153,0.7451267242431641
MMA_fig2a.xlsx,MMA_fig2a,MMA,45.00,time(min),-ln(1-conversion),213.73023654859654,0.7483614087104797
MMA_fig2a.xlsx,MMA_fig2a,MMA,45.00,time(min),-ln(1-conversion),215.04167177350155,0.7515944242477417
MMA_fig2a.xlsx,MMA_fig2a,MMA,45.00,time(min),-ln(1-conversion),216.35310699840656,0.7548255920410156
MMA_fig2a.xlsx,MMA_fig2a,MMA,45.00,time(min),-ln(1-conversion),217.66454222331157,0.7580547332763672
MMA_fig2a.xlsx,MMA_fig2a,MMA,45.00,time(min),-ln(1-conversion),218.97597744821658,0.7612817287445068
MMA_fig2a.xlsx,MMA_fig2a,MMA,45.00,time(min),-ln(1-conversion),220.2874126731216,0.7645062804222107
MMA_fig2a.xlsx,MMA_fig2a,MMA,45.00,time(min),-ln(1-conversion),221.5988478980266,0.767728328704834
MMA_fig2a.xlsx,MMA_fig2a,MMA,45.00,time(min),-ln(1-conversion),222.91028312293162,0.7709478735923767
MMA_fig2a.xlsx,MMA_fig2a,MMA,45.00,time(min),-ln(1-conversion),224.22171834783663,0.7741644978523254
MMA_fig2a.xlsx,MMA_fig2a,MMA,45.00,time(min),-ln(1-conversion),225.53315357274164,0.7773781418800354
MMA_fig2a.xlsx,MMA_fig2a,MMA,45.00,time(min),-ln(1-conversion),226.84458879764665,0.7805886268615723
MMA_fig2a.xlsx,MMA_fig2a,MMA,45.00,time(min),-ln(1-conversion),228.15602402255166,0.7837958335876465
MMA_fig2a.xlsx,MMA_fig2a,MMA,45.00,time(min),-ln(1-conversion),229.46745924745667,0.786999523639679
MMA_fig2a.xlsx,MMA_fig2a,MMA,45.00,time(min),-ln(1-conversion),230.77889447236169,0.7901997566223145
MMA_fig2a.xlsx,MMA_fig2a,MMA,45.00,time(min),-ln(1-conversion),232.0903296972667,0.7933961153030396
MMA_fig2a.xlsx,MMA_fig2a,MMA,45.00,time(min),-ln(1-conversion),233.4017649221717,0.796588659286499
MMA_fig2a.xlsx,MMA_fig2a,MMA,45.00,time(min),-ln(1-conversion),234.71320014707672,0.7997771501541138
MMA_fig2a.xlsx,MMA_fig2a,MMA,45.00,time(min),-ln(1-conversion),236.02463537198173,0.8029614686965942
MMA_fig2a.xlsx,MMA_fig2a,MMA,45.00,time(min),-ln(1-conversion),237.33607059688674,0.8061414957046509
MMA_fig2a.xlsx,MMA_fig2a,MMA,45.00,time(min),-ln(1-conversion),238.64750582179175,0.8093169927597046
MMA_fig2a.xlsx,MMA_fig2a,MMA,45.00,time(min),-ln(1-conversion),239.95894104669676,0.8124879598617554
MMA_fig2a.xlsx,MMA_fig2a,MMA,45.00,time(min),-ln(1-conversion),241.27037627160178,0.8156541585922241
MMA_fig2a.xlsx,MMA_fig2a,MMA,45.00,time(min),-ln(1-conversion),242.5818114965068,0.8188155889511108
MMA_fig2a.xlsx,MMA_fig2a,MMA,45.00,time(min),-ln(1-conversion),243.8932467214118,0.8219720125198364
MMA_fig2a.xlsx,MMA_fig2a,MMA,45.00,time(min),-ln(1-conversion),245.2046819463168,0.8251231908798218
MMA_fig2a.xlsx,MMA_fig2a,MMA,45.00,time(min),-ln(1-conversion),246.51611717122182,0.8282691836357117
MMA_fig2a.xlsx,MMA_fig2a,MMA,45.00,time(min),-ln(1-conversion),247.82755239612683,0.8314099311828613
MMA_fig2a.xlsx,MMA_fig2a,MMA,45.00,time(min),-ln(1-conversion),249.13898762103184,0.8345450162887573
MMA_fig2a.xlsx,MMA_fig2a,MMA,45.00,time(min),-ln(1-conversion),250.45042284593686,0.8376744985580444
MMA_fig2a.xlsx,MMA_fig2a,MMA,45.00,time(min),-ln(1-conversion),251.76185807084187,0.8407982587814331
MMA_fig2a.xlsx,MMA_fig2a,MMA,45.00,time(min),-ln(1-conversion),253.07329329574688,0.8439161777496338
MMA_fig2a.xlsx,MMA_fig2a,MMA,45.00,time(min),-ln(1-conversion),254.3847285206519,0.8470280170440674
MMA_fig2a.xlsx,MMA_fig2a,MMA,45.00,time(min),-ln(1-conversion),255.6961637455569,0.8501337766647339
MMA_fig2a.xlsx,MMA_fig2a,MMA,45.00,time(min),-ln(1-conversion),257.0075989704619,0.8532333374023438
MMA_fig2a.xlsx,MMA_fig2a,MMA,45.00,time(min),-ln(1-conversion),258.3190341953669,0.8563264608383179
MMA_fig2a.xlsx,MMA_fig2a,MMA,45.00,time(min),-ln(1-conversion),259.63046942027194,0.859413206577301
MMA_fig2a.xlsx,MMA_fig2a,MMA,45.00,time(min),-ln(1-conversion),260.9419046451769,0.8624935150146484
MMA_fig2a.xlsx,MMA_fig2a,MMA,45.00,time(min),-ln(1-conversion),262.25333987008196,0.8655668497085571
MMA_fig2a.xlsx,MMA_fig2a,MMA,45.00,time(min),-ln(1-conversion),263.564775094987,0.868633508682251
MMA_fig2a.xlsx,MMA_fig2a,MMA,45.00,time(min),-ln(1-conversion),264.876210319892,0.8716933131217957
MMA_fig2a.xlsx,MMA_fig2a,MMA,45.00,time(min),-ln(1-conversion),266.18764554479696,0.8747460842132568
MMA_fig2a.xlsx,MMA_fig2a,MMA,45.00,time(min),-ln(1-conversion),267.499080769702,0.877791702747345
MMA_fig2a.xlsx,MMA_fig2a,MMA,45.00,time(min),-ln(1-conversion),268.810515994607,0.8808301687240601
MMA_fig2a.xlsx,MMA_fig2a,MMA,45.00,time(min),-ln(1-conversion),270.121951219512,0.883861243724823
MMA_fig2a.xlsx,MMA_fig2a,MMA,55.00,time(min),-ln(1-conversion),9.14634146341464,0.10623493790626526
MMA_fig2a.xlsx,MMA_fig2a,MMA,55.00,time(min),-ln(1-conversion),10.356661355558284,0.11511930823326111
MMA_fig2a.xlsx,MMA_fig2a,MMA,55.00,time(min),-ln(1-conversion),11.56698124770193,0.12382197380065918
MMA_fig2a.xlsx,MMA_fig2a,MMA,55.00,time(min),-ln(1-conversion),12.777301139845575,0.13233911991119385
MMA_fig2a.xlsx,MMA_fig2a,MMA,55.00,time(min),-ln(1-conversion),13.987621031989221,0.14066827297210693
MMA_fig2a.xlsx,MMA_fig2a,MMA,55.00,time(min),-ln(1-conversion),15.197940924132865,0.1488073170185089
MMA_fig2a.xlsx,MMA_fig2a,MMA,55.00,time(min),-ln(1-conversion),16.40826081627651,0.15675562620162964
MMA_fig2a.xlsx,MMA_fig2a,MMA,55.00,time(min),-ln(1-conversion),17.618580708420154,0.16451263427734375
MMA_fig2a.xlsx,MMA_fig2a,MMA,55.00,time(min),-ln(1-conversion),18.8289006005638,0.17207926511764526
MMA_fig2a.xlsx,MMA_fig2a,MMA,55.00,time(min),-ln(1-conversion),20.039220492707443,0.1794564127922058
MMA_fig2a.xlsx,MMA_fig2a,MMA,55.00,time(min),-ln(1-conversion),21.24954038485109,0.1866457164287567
MMA_fig2a.xlsx,MMA_fig2a,MMA,55.00,time(min),-ln(1-conversion),22.459860276994736,0.19364935159683228
MMA_fig2a.xlsx,MMA_fig2a,MMA,55.00,time(min),-ln(1-conversion),23.67018016913838,0.20047016441822052
MMA_fig2a.xlsx,MMA_fig2a,MMA,55.00,time(min),-ln(1-conversion),24.880500061282028,0.20711107552051544
MMA_fig2a.xlsx,MMA_fig2a,MMA,55.00,time(min),-ln(1-conversion),26.090819953425672,0.21357561647891998
MMA_fig2a.xlsx,MMA_fig2a,MMA,55.00,time(min),-ln(1-conversion),27.301139845569317,0.2198675125837326
MMA_fig2a.xlsx,MMA_fig2a,MMA,55.00,time(min),-ln(1-conversion),28.51145973771296,0.22599086165428162
MMA_fig2a.xlsx,MMA_fig2a,MMA,55.00,time(min),-ln(1-conversion),29.721779629856606,0.23194999992847443
MMA_fig2a.xlsx,MMA_fig2a,MMA,55.00,time(min),-ln(1-conversion),30.93209952200025,0.23774950206279755
MMA_fig2a.xlsx,MMA_fig2a,MMA,55.00,time(min),-ln(1-conversion),32.1424194141439,0.24339404702186584
MMA_fig2a.xlsx,MMA_fig2a,MMA,55.00,time(min),-ln(1-conversion),33.352739306287546,0.24888873100280762
MMA_fig2a.xlsx,MMA_fig2a,MMA,55.00,time(min),-ln(1-conversion),34.56305919843119,0.2542385458946228
MMA_fig2a.xlsx,MMA_fig2a,MMA,55.00,time(min),-ln(1-conversion),35.773379090574835,0.25944891571998596
MMA_fig2a.xlsx,MMA_fig2a,MMA,55.00,time(min),-ln(1-conversion),36.98369898271848,0.26452505588531494
MMA_fig2a.xlsx,MMA_fig2a,MMA,55.00,time(min),-ln(1-conversion),38.194018874862124,0.2694726586341858
MMA_fig2a.xlsx,MMA_fig2a,MMA,55.00,time(min),-ln(1-conversion),39.40433876700577,0.2742972671985626
MMA_fig2a.xlsx,MMA_fig2a,MMA,55.00,time(min),-ln(1-conversion),40.61465865914941,0.2790044844150543
MMA_fig2a.xlsx,MMA_fig2a,MMA,55.00,time(min),-ln(1-conversion),41.82497855129306,0.2836001217365265
MMA_fig2a.xlsx,MMA_fig2a,MMA,55.00,time(min),-ln(1-conversion),43.0352984434367,0.28808993101119995
MMA_fig2a.xlsx,MMA_fig2a,MMA,55.00,time(min),-ln(1-conversion),44.245618335580346,0.29247963428497314
MMA_fig2a.xlsx,MMA_fig2a,MMA,55.00,time(min),-ln(1-conversion),45.45593822772399,0.2967751920223236
MMA_fig2a.xlsx,MMA_fig2a,MMA,55.00,time(min),-ln(1-conversion),46.666258119867635,0.3009822964668274
MMA_fig2a.xlsx,MMA_fig2a,MMA,55.00,time(min),-ln(1-conversion),47.87657801201128,0.3051067590713501
MMA_fig2a.xlsx,MMA_fig2a,MMA,55.00,time(min),-ln(1-conversion),49.086897904154924,0.3091543912887573
MMA_fig2a.xlsx,MMA_fig2a,MMA,55.00,time(min),-ln(1-conversion),50.29721779629857,0.31313079595565796
MMA_fig2a.xlsx,MMA_fig2a,MMA,55.00,time(min),-ln(1-conversion),51.50753768844221,0.31704163551330566
MMA_fig2a.xlsx,MMA_fig2a,MMA,55.00,time(min),-ln(1-conversion),52.71785758058586,0.3208927512168884
MMA_fig2a.xlsx,MMA_fig2a,MMA,55.00,time(min),-ln(1-conversion),53.9281774727295,0.3246892988681793
MMA_fig2a.xlsx,MMA_fig2a,MMA,55.00,time(min),-ln(1-conversion),55.13849736487316,0.32843688130378723
MMA_fig2a.xlsx,MMA_fig2a,MMA,55.00,time(min),-ln(1-conversion),56.348817257016805,0.3321407735347748
MMA_fig2a.xlsx,MMA_fig2a,MMA,55.00,time(min),-ln(1-conversion),57.55913714916045,0.3358061611652374
MMA_fig2a.xlsx,MMA_fig2a,MMA,55.00,time(min),-ln(1-conversion),58.76945704130409,0.3394381105899811
MMA_fig2a.xlsx,MMA_fig2a,MMA,55.00,time(min),-ln(1-conversion),59.97977693344774,0.3430415987968445
MMA_fig2a.xlsx,MMA_fig2a,MMA,55.00,time(min),-ln(1-conversion),61.19009682559138,0.34662148356437683
MMA_fig2a.xlsx,MMA_fig2a,MMA,55.00,time(min),-ln(1-conversion),62.40041671773503,0.35018229484558105
MMA_fig2a.xlsx,MMA_fig2a,MMA,55.00,time(min),-ln(1-conversion),63.61073660987867,0.35372868180274963
MMA_fig2a.xlsx,MMA_fig2a,MMA,55.00,time(min),-ln(1-conversion),64.82105650202232,0.3572649657726288
MMA_fig2a.xlsx,MMA_fig2a,MMA,55.00,time(min),-ln(1-conversion),66.03137639416596,0.3607954680919647
MMA_fig2a.xlsx,MMA_fig2a,MMA,55.00,time(min),-ln(1-conversion),67.2416962863096,0.364324152469635
MMA_fig2a.xlsx,MMA_fig2a,MMA,55.00,time(min),-ln(1-conversion),68.45201617845325,0.3678549528121948
MMA_fig2a.xlsx,MMA_fig2a,MMA,55.00,time(min),-ln(1-conversion),69.6623360705969,0.3713915944099426
MMA_fig2a.xlsx,MMA_fig2a,MMA,55.00,time(min),-ln(1-conversion),70.87265596274054,0.3749377131462097
MMA_fig2a.xlsx,MMA_fig2a,MMA,55.00,time(min),-ln(1-conversion),72.08297585488418,0.37849679589271545
MMA_fig2a.xlsx,MMA_fig2a,MMA,55.00,time(min),-ln(1-conversion),73.29329574702783,0.38207197189331055
MMA_fig2a.xlsx,MMA_fig2a,MMA,55.00,time(min),-ln(1-conversion),74.50361563917149,0.38566645979881287
MMA_fig2a.xlsx,MMA_fig2a,MMA,55.00,time(min),-ln(1-conversion),75.71393553131513,0.3892831802368164
MMA_fig2a.xlsx,MMA_fig2a,MMA,55.00,time(min),-ln(1-conversion),76.92425542345877,0.3929249048233032
MMA_fig2a.xlsx,MMA_fig2a,MMA,55.00,time(min),-ln(1-conversion),78.13457531560242,0.39659425616264343
MMA_fig2a.xlsx,MMA_fig2a,MMA,55.00,time(min),-ln(1-conversion),79.34489520774606,0.4002937376499176
MMA_fig2a.xlsx,MMA_fig2a,MMA,55.00,time(min),-ln(1-conversion),80.55521509988971,0.40402573347091675
MMA_fig2a.xlsx,MMA_fig2a,MMA,55.00,time(min),-ln(1-conversion),81.76553499203335,0.40779241919517517
MMA_fig2a.xlsx,MMA_fig2a,MMA,55.00,time(min),-ln(1-conversion),82.975854884177,0.4115957021713257
MMA_fig2a.xlsx,MMA_fig2a,MMA,55.00,time(min),-ln(1-conversion),84.18617477632064,0.41543763875961304
MMA_fig2a.xlsx,MMA_fig2a,MMA,55.00,time(min),-ln(1-conversion),85.39649466846429,0.41931992769241333
MMA_fig2a.xlsx,MMA_fig2a,MMA,55.00,time(min),-ln(1-conversion),86.60681456060793,0.42324408888816833
MMA_fig2a.xlsx,MMA_fig2a,MMA,55.00,time(min),-ln(1-conversion),87.81713445275157,0.4272117018699646
MMA_fig2a.xlsx,MMA_fig2a,MMA,55.00,time(min),-ln(1-conversion),89.02745434489522,0.43122410774230957
MMA_fig2a.xlsx,MMA_fig2a,MMA,55.00,time(min),-ln(1-conversion),90.23777423703886,0.435282438993454
MMA_fig2a.xlsx,MMA_fig2a,MMA,55.00,time(min),-ln(1-conversion),91.44809412918251,0.43938782811164856
MMA_fig2a.xlsx,MMA_fig2a,MMA,55.00,time(min),-ln(1-conversion),92.65841402132615,0.4435412585735321
MMA_fig2a.xlsx,MMA_fig2a,MMA,55.00,time(min),-ln(1-conversion),93.8687339134698,0.4477435052394867
MMA_fig2a.xlsx,MMA_fig2a,MMA,55.00,time(min),-ln(1-conversion),95.07905380561344,0.45199528336524963
MMA_fig2a.xlsx,MMA_fig2a,MMA,55.00,time(min),-ln(1-conversion),96.28937369775709,0.45629721879959106
MMA_fig2a.xlsx,MMA_fig2a,MMA,55.00,time(min),-ln(1-conversion),97.49969358990073,0.46064987778663635
MMA_fig2a.xlsx,MMA_fig2a,MMA,55.00,time(min),-ln(1-conversion),98.71001348204437,0.4650534689426422
MMA_fig2a.xlsx,MMA_fig2a,MMA,55.00,time(min),-ln(1-conversion),99.92033337418803,0.4695082902908325
MMA_fig2a.xlsx,MMA_fig2a,MMA,55.00,time(min),-ln(1-conversion),101.13065326633168,0.4740145206451416
MMA_fig2a.xlsx,MMA_fig2a,MMA,55.00,time(min),-ln(1-conversion),102.34097315847532,0.4785722494125366
MMA_fig2a.xlsx,MMA_fig2a,MMA,55.00,time(min),-ln(1-conversion),103.55129305061897,0.4831814169883728
MMA_fig2a.xlsx,MMA_fig2a,MMA,55.00,time(min),-ln(1-conversion),104.76161294276261,0.4878416955471039
MMA_fig2a.xlsx,MMA_fig2a,MMA,55.00,time(min),-ln(1-conversion),105.97193283490626,0.4925529956817627
MMA_fig2a.xlsx,MMA_fig2a,MMA,55.00,time(min),-ln(1-conversion),107.1822527270499,0.4973147511482239
MMA_fig2a.xlsx,MMA_fig2a,MMA,55.00,time(min),-ln(1-conversion),108.39257261919354,0.5021268725395203
MMA_fig2a.xlsx,MMA_fig2a,MMA,55.00,time(min),-ln(1-conversion),109.60289251133719,0.506988525390625
MMA_fig2a.xlsx,MMA_fig2a,MMA,55.00,time(min),-ln(1-conversion),110.81321240348083,0.5118990540504456
MMA_fig2a.xlsx,MMA_fig2a,MMA,55.00,time(min),-ln(1-conversion),112.02353229562448,0.5168579816818237
MMA_fig2a.xlsx,MMA_fig2a,MMA,55.00,time(min),-ln(1-conversion),113.23385218776812,0.5218642354011536
MMA_fig2a.xlsx,MMA_fig2a,MMA,55.00,time(min),-ln(1-conversion),114.44417207991177,0.5269170999526978
MMA_fig2a.xlsx,MMA_fig2a,MMA,55.00,time(min),-ln(1-conversion),115.65449197205541,0.5320155024528503
MMA_fig2a.xlsx,MMA_fig2a,MMA,55.00,time(min),-ln(1-conversion),116.86481186419905,0.5371584296226501
MMA_fig2a.xlsx,MMA_fig2a,MMA,55.00,time(min),-ln(1-conversion),118.0751317563427,0.5423448085784912
MMA_fig2a.xlsx,MMA_fig2a,MMA,55.00,time(min),-ln(1-conversion),119.28545164848634,0.5475733280181885
MMA_fig2a.xlsx,MMA_fig2a,MMA,55.00,time(min),-ln(1-conversion),120.49577154062999,0.5528427958488464
MMA_fig2a.xlsx,MMA_fig2a,MMA,55.00,time(min),-ln(1-conversion),121.70609143277363,0.55815190076828
MMA_fig2a.xlsx,MMA_fig2a,MMA,55.00,time(min),-ln(1-conversion),122.91641132491728,0.563499391078949
MMA_fig2a.xlsx,MMA_fig2a,MMA,55.00,time(min),-ln(1-conversion),124.12673121706092,0.5688835382461548
MMA_fig2a.xlsx,MMA_fig2a,MMA,55.00,time(min),-ln(1-conversion),125.33705110920457,0.5743029713630676
MMA_fig2a.xlsx,MMA_fig2a,MMA,55.00,time(min),-ln(1-conversion),126.54737100134822,0.5797560811042786
MMA_fig2a.xlsx,MMA_fig2a,MMA,55.00,time(min),-ln(1-conversion),127.75769089349187,0.5852413773536682
MMA_fig2a.xlsx,MMA_fig2a,MMA,55.00,time(min),-ln(1-conversion),128.9680107856355,0.5907571911811829
MMA_fig2a.xlsx,MMA_fig2a,MMA,55.00,time(min),-ln(1-conversion),130.17833067777914,0.5963016748428345
MMA_fig2a.xlsx,MMA_fig2a,MMA,55.00,time(min),-ln(1-conversion),131.3886505699228,0.6018732786178589
MMA_fig2a.xlsx,MMA_fig2a,MMA,55.00,time(min),-ln(1-conversion),132.59897046206643,0.6074701547622681
MMA_fig2a.xlsx,MMA_fig2a,MMA,55.00,time(min),-ln(1-conversion),133.80929035421008,0.6130905151367188
MMA_fig2a.xlsx,MMA_fig2a,MMA,55.00,time(min),-ln(1-conversion),135.01961024635372,0.6187324523925781
MMA_fig2a.xlsx,MMA_fig2a,MMA,55.00,time(min),-ln(1-conversion),136.22993013849737,0.6243942975997925
MMA_fig2a.xlsx,MMA_fig2a,MMA,55.00,time(min),-ln(1-conversion),137.440250030641,0.630074143409729
MMA_fig2a.xlsx,MMA_fig2a,MMA,55.00,time(min),-ln(1-conversion),138.65056992278468,0.6357700824737549
MMA_fig2a.xlsx,MMA_fig2a,MMA,55.00,time(min),-ln(1-conversion),139.86088981492833,0.6414801478385925
MMA_fig2a.xlsx,MMA_fig2a,MMA,55.00,time(min),-ln(1-conversion),141.07120970707197,0.6472025513648987
MMA_fig2a.xlsx,MMA_fig2a,MMA,55.00,time(min),-ln(1-conversion),142.28152959921562,0.6529353857040405
MMA_fig2a.xlsx,MMA_fig2a,MMA,55.00,time(min),-ln(1-conversion),143.49184949135926,0.6586767435073853
MMA_fig2a.xlsx,MMA_fig2a,MMA,55.00,time(min),-ln(1-conversion),144.7021693835029,0.6644246578216553
MMA_fig2a.xlsx,MMA_fig2a,MMA,55.00,time(min),-ln(1-conversion),145.91248927564655,0.6701774597167969
MMA_fig2a.xlsx,MMA_fig2a,MMA,55.00,time(min),-ln(1-conversion),147.1228091677902,0.6759330034255981
MMA_fig2a.xlsx,MMA_fig2a,MMA,55.00,time(min),-ln(1-conversion),148.33312905993384,0.6816896796226501
MMA_fig2a.xlsx,MMA_fig2a,MMA,55.00,time(min),-ln(1-conversion),149.54344895207748,0.6874455213546753
MMA_fig2a.xlsx,MMA_fig2a,MMA,55.00,time(min),-ln(1-conversion),150.75376884422113,0.6931988000869751
MMA_fig2a.xlsx,MMA_fig2a,MMA,55.00,time(min),-ln(1-conversion),151.96408873636477,0.6989476680755615
MMA_fig2a.xlsx,MMA_fig2a,MMA,55.00,time(min),-ln(1-conversion),153.17440862850842,0.7046903967857361
MMA_fig2a.xlsx,MMA_fig2a,MMA,55.00,time(min),-ln(1-conversion),154.38472852065206,0.7104252576828003
MMA_fig2a.xlsx,MMA_fig2a,MMA,55.00,time(min),-ln(1-conversion),155.5950484127957,0.7161505222320557
MMA_fig2a.xlsx,MMA_fig2a,MMA,55.00,time(min),-ln(1-conversion),156.80536830493935,0.7218647003173828
MMA_fig2a.xlsx,MMA_fig2a,MMA,55.00,time(min),-ln(1-conversion),158.015688197083,0.7275658845901489
MMA_fig2a.xlsx,MMA_fig2a,MMA,55.00,time(min),-ln(1-conversion),159.22600808922664,0.7332528829574585
MMA_fig2a.xlsx,MMA_fig2a,MMA,55.00,time(min),-ln(1-conversion),160.43632798137028,0.7389237880706787
MMA_fig2a.xlsx,MMA_fig2a,MMA,55.00,time(min),-ln(1-conversion),161.64664787351393,0.7445774078369141
MMA_fig2a.xlsx,MMA_fig2a,MMA,55.00,time(min),-ln(1-conversion),162.85696776565757,0.7502120733261108
MMA_fig2a.xlsx,MMA_fig2a,MMA,55.00,time(min),-ln(1-conversion),164.06728765780122,0.7558265924453735
MMA_fig2a.xlsx,MMA_fig2a,MMA,55.00,time(min),-ln(1-conversion),165.27760754994486,0.7614194750785828
MMA_fig2a.xlsx,MMA_fig2a,MMA,55.00,time(min),-ln(1-conversion),166.4879274420885,0.7669895887374878
MMA_fig2a.xlsx,MMA_fig2a,MMA,55.00,time(min),-ln(1-conversion),167.69824733423215,0.772535502910614
MMA_fig2a.xlsx,MMA_fig2a,MMA,55.00,time(min),-ln(1-conversion),168.9085672263758,0.7780561447143555
MMA_fig2a.xlsx,MMA_fig2a,MMA,55.00,time(min),-ln(1-conversion),170.11888711851944,0.7835503816604614
MMA_fig2a.xlsx,MMA_fig2a,MMA,55.00,time(min),-ln(1-conversion),171.32920701066308,0.7890170812606812
MMA_fig2a.xlsx,MMA_fig2a,MMA,55.00,time(min),-ln(1-conversion),172.53952690280673,0.7944552898406982
MMA_fig2a.xlsx,MMA_fig2a,MMA,55.00,time(min),-ln(1-conversion),173.74984679495037,0.7998639345169067
MMA_fig2a.xlsx,MMA_fig2a,MMA,55.00,time(min),-ln(1-conversion),174.96016668709402,0.8052419424057007
MMA_fig2a.xlsx,MMA_fig2a,MMA,55.00,time(min),-ln(1-conversion),176.17048657923766,0.8105887174606323
MMA_fig2a.xlsx,MMA_fig2a,MMA,55.00,time(min),-ln(1-conversion),177.3808064713813,0.8159034252166748
MMA_fig2a.xlsx,MMA_fig2a,MMA,55.00,time(min),-ln(1-conversion),178.59112636352495,0.8211849927902222
MMA_fig2a.xlsx,MMA_fig2a,MMA,55.00,time(min),-ln(1-conversion),179.8014462556686,0.8264330625534058
MMA_fig2a.xlsx,MMA_fig2a,MMA,55.00,time(min),-ln(1-conversion),181.01176614781224,0.8316466808319092
MMA_fig2a.xlsx,MMA_fig2a,MMA,55.00,time(min),-ln(1-conversion),182.22208603995588,0.8368253707885742
MMA_fig2a.xlsx,MMA_fig2a,MMA,55.00,time(min),-ln(1-conversion),183.43240593209953,0.8419684767723083
MMA_fig2a.xlsx,MMA_fig2a,MMA,55.00,time(min),-ln(1-conversion),184.64272582424317,0.8470754623413086
MMA_fig2a.xlsx,MMA_fig2a,MMA,55.00,time(min),-ln(1-conversion),185.85304571638682,0.8521458506584167
MMA_fig2a.xlsx,MMA_fig2a,MMA,55.00,time(min),-ln(1-conversion),187.06336560853046,0.8571791648864746
MMA_fig2a.xlsx,MMA_fig2a,MMA,55.00,time(min),-ln(1-conversion),188.2736855006741,0.8621751070022583
MMA_fig2a.xlsx,MMA_fig2a,MMA,55.00,time(min),-ln(1-conversion),189.48400539281775,0.8671332597732544
MMA_fig2a.xlsx,MMA_fig2a,MMA,55.00,time(min),-ln(1-conversion),190.69432528496142,0.8720532655715942
MMA_fig2a.xlsx,MMA_fig2a,MMA,55.00,time(min),-ln(1-conversion),191.90464517710507,0.8769348859786987
MMA_fig2a.xlsx,MMA_fig2a,MMA,55.00,time(min),-ln(1-conversion),193.1149650692487,0.8817778825759888
MMA_fig2a.xlsx,MMA_fig2a,MMA,55.00,time(min),-ln(1-conversion),194.32528496139236,0.8865818977355957
MMA_fig2a.xlsx,MMA_fig2a,MMA,55.00,time(min),-ln(1-conversion),195.535604853536,0.8913470506668091
MMA_fig2a.xlsx,MMA_fig2a,MMA,55.00,time(min),-ln(1-conversion),196.74592474567964,0.8960729837417603
MMA_fig2a.xlsx,MMA_fig2a,MMA,55.00,time(min),-ln(1-conversion),197.9562446378233,0.9007595777511597
MMA_fig2a.xlsx,MMA_fig2a,MMA,55.00,time(min),-ln(1-conversion),199.16656452996693,0.9054069519042969
MMA_fig2a.xlsx,MMA_fig2a,MMA,55.00,time(min),-ln(1-conversion),200.37688442211058,0.9100148677825928
MMA_fig2a.xlsx,MMA_fig2a,MMA,55.00,time(min),-ln(1-conversion),201.58720431425422,0.9145832061767578
MMA_fig2a.xlsx,MMA_fig2a,MMA,55.00,time(min),-ln(1-conversion),202.79752420639787,0.9191124439239502
MMA_fig2a.xlsx,MMA_fig2a,MMA,55.00,time(min),-ln(1-conversion),204.0078440985415,0.9236021041870117
MMA_fig2a.xlsx,MMA_fig2a,MMA,55.00,time(min),-ln(1-conversion),205.21816399068516,0.928052544593811
MMA_fig2a.xlsx,MMA_fig2a,MMA,55.00,time(min),-ln(1-conversion),206.4284838828288,0.9324635863304138
MMA_fig2a.xlsx,MMA_fig2a,MMA,55.00,time(min),-ln(1-conversion),207.63880377497244,0.936835527420044
MMA_fig2a.xlsx,MMA_fig2a,MMA,55.00,time(min),-ln(1-conversion),208.8491236671161,0.9411685466766357
MMA_fig2a.xlsx,MMA_fig2a,MMA,55.00,time(min),-ln(1-conversion),210.05944355925973,0.9454625248908997
MMA_fig2a.xlsx,MMA_fig2a,MMA,55.00,time(min),-ln(1-conversion),211.26976345140338,0.9497178196907043
MMA_fig2a.xlsx,MMA_fig2a,MMA,55.00,time(min),-ln(1-conversion),212.48008334354702,0.9539346694946289
MMA_fig2a.xlsx,MMA_fig2a,MMA,55.00,time(min),-ln(1-conversion),213.69040323569067,0.9581130743026733
MMA_fig2a.xlsx,MMA_fig2a,MMA,55.00,time(min),-ln(1-conversion),214.9007231278343,0.9622532725334167
MMA_fig2a.xlsx,MMA_fig2a,MMA,55.00,time(min),-ln(1-conversion),216.11104301997796,0.966355562210083
MMA_fig2a.xlsx,MMA_fig2a,MMA,55.00,time(min),-ln(1-conversion),217.3213629121216,0.9704201221466064
MMA_fig2a.xlsx,MMA_fig2a,MMA,55.00,time(min),-ln(1-conversion),218.53168280426524,0.9744471907615662
MMA_fig2a.xlsx,MMA_fig2a,MMA,55.00,time(min),-ln(1-conversion),219.7420026964089,0.978437066078186
MMA_fig2a.xlsx,MMA_fig2a,MMA,55.00,time(min),-ln(1-conversion),220.95232258855253,0.9823899269104004
MMA_fig2a.xlsx,MMA_fig2a,MMA,55.00,time(min),-ln(1-conversion),222.16264248069618,0.9863060712814331
MMA_fig2a.xlsx,MMA_fig2a,MMA,55.00,time(min),-ln(1-conversion),223.37296237283982,0.9901857972145081
MMA_fig2a.xlsx,MMA_fig2a,MMA,55.00,time(min),-ln(1-conversion),224.58328226498347,0.9940295219421387
MMA_fig2a.xlsx,MMA_fig2a,MMA,55.00,time(min),-ln(1-conversion),225.7936021571271,0.9978373646736145
MMA_fig2a.xlsx,MMA_fig2a,MMA,55.00,time(min),-ln(1-conversion),227.00392204927076,1.0016095638275146
MMA_fig2a.xlsx,MMA_fig2a,MMA,55.00,time(min),-ln(1-conversion),228.2142419414144,1.0053465366363525
MMA_fig2a.xlsx,MMA_fig2a,MMA,55.00,time(min),-ln(1-conversion),229.42456183355804,1.0090487003326416
MMA_fig2a.xlsx,MMA_fig2a,MMA,55.00,time(min),-ln(1-conversion),230.6348817257017,1.0127160549163818
MMA_fig2a.xlsx,MMA_fig2a,MMA,55.00,time(min),-ln(1-conversion),231.84520161784533,1.0163493156433105
MMA_fig2a.xlsx,MMA_fig2a,MMA,55.00,time(min),-ln(1-conversion),233.05552150998898,1.0199484825134277
MMA_fig2a.xlsx,MMA_fig2a,MMA,55.00,time(min),-ln(1-conversion),234.26584140213262,1.023513913154602
MMA_fig2a.xlsx,MMA_fig2a,MMA,55.00,time(min),-ln(1-conversion),235.47616129427627,1.0270460844039917
MMA_fig2a.xlsx,MMA_fig2a,MMA,55.00,time(min),-ln(1-conversion),236.6864811864199,1.0305453538894653
MMA_fig2a.xlsx,MMA_fig2a,MMA,55.00,time(min),-ln(1-conversion),237.89680107856356,1.034011721611023
MMA_fig2a.xlsx,MMA_fig2a,MMA,55.00,time(min),-ln(1-conversion),239.1071209707072,1.0374457836151123
MMA_fig2a.xlsx,MMA_fig2a,MMA,55.00,time(min),-ln(1-conversion),240.31744086285084,1.0408480167388916
MMA_fig2a.xlsx,MMA_fig2a,MMA,55.00,time(min),-ln(1-conversion),241.5277607549945,1.0442183017730713
MMA_fig2a.xlsx,MMA_fig2a,MMA,55.00,time(min),-ln(1-conversion),242.73808064713816,1.0475573539733887
MMA_fig2a.xlsx,MMA_fig2a,MMA,55.00,time(min),-ln(1-conversion),243.9484005392818,1.0508652925491333
MMA_fig2a.xlsx,MMA_fig2a,MMA,55.00,time(min),-ln(1-conversion),245.15872043142545,1.0541424751281738
MMA_fig2a.xlsx,MMA_fig2a,MMA,55.00,time(min),-ln(1-conversion),246.3690403235691,1.0573893785476685
MMA_fig2a.xlsx,MMA_fig2a,MMA,55.00,time(min),-ln(1-conversion),247.57936021571274,1.0606061220169067
MMA_fig2a.xlsx,MMA_fig2a,MMA,55.00,time(min),-ln(1-conversion),248.78968010785638,1.0637931823730469
MMA_fig2a.xlsx,MMA_fig2a,MMA,55.00,time(min),-ln(1-conversion),250.0,1.066950798034668
MMA_fig2a.xlsx,MMA_fig2a,MMA,65.00,time(min),-ln(1-conversion),0.0,-0.005360960960388184
MMA_fig2a.xlsx,MMA_fig2a,MMA,65.00,time(min),-ln(1-conversion),0.9039097928667689,0.004168659448623657
MMA_fig2a.xlsx,MMA_fig2a,MMA,65.00,time(min),-ln(1-conversion),1.8078195857335377,0.013807177543640137
MMA_fig2a.xlsx,MMA_fig2a,MMA,65.00,time(min),-ln(1-conversion),2.7117293786003067,0.0235445499420166
MMA_fig2a.xlsx,MMA_fig2a,MMA,65.00,time(min),-ln(1-conversion),3.6156391714670755,0.03337031602859497
MMA_fig2a.xlsx,MMA_fig2a,MMA,65.00,time(min),-ln(1-conversion),4.519548964333844,0.043273478746414185
MMA_fig2a.xlsx,MMA_fig2a,MMA,65.00,time(min),-ln(1-conversion),5.423458757200613,0.0532432496547699
MMA_fig2a.xlsx,MMA_fig2a,MMA,65.00,time(min),-ln(1-conversion),6.327368550067382,0.06326791644096375
MMA_fig2a.xlsx,MMA_fig2a,MMA,65.00,time(min),-ln(1-conversion),7.231278342934151,0.07333612442016602
MMA_fig2a.xlsx,MMA_fig2a,MMA,65.00,time(min),-ln(1-conversion),8.13518813580092,0.08343622088432312
MMA_fig2a.xlsx,MMA_fig2a,MMA,65.00,time(min),-ln(1-conversion),9.039097928667688,0.0935564637184143
MMA_fig2a.xlsx,MMA_fig2a,MMA,65.00,time(min),-ln(1-conversion),9.943007721534457,0.10368496179580688
MMA_fig2a.xlsx,MMA_fig2a,MMA,65.00,time(min),-ln(1-conversion),10.846917514401227,0.11381012201309204
MMA_fig2a.xlsx,MMA_fig2a,MMA,65.00,time(min),-ln(1-conversion),11.750827307267995,0.12392058968544006
MMA_fig2a.xlsx,MMA_fig2a,MMA,65.00,time(min),-ln(1-conversion),12.654737100134763,0.1340048909187317
MMA_fig2a.xlsx,MMA_fig2a,MMA,65.00,time(min),-ln(1-conversion),13.558646893001534,0.14405184984207153
MMA_fig2a.xlsx,MMA_fig2a,MMA,65.00,time(min),-ln(1-conversion),14.462556685868302,0.15405070781707764
MMA_fig2a.xlsx,MMA_fig2a,MMA,65.00,time(min),-ln(1-conversion),15.36646647873507,0.16399121284484863
MMA_fig2a.xlsx,MMA_fig2a,MMA,65.00,time(min),-ln(1-conversion),16.27037627160184,0.1738629937171936
MMA_fig2a.xlsx,MMA_fig2a,MMA,65.00,time(min),-ln(1-conversion),17.174286064468607,0.18365666270256042
MMA_fig2a.xlsx,MMA_fig2a,MMA,65.00,time(min),-ln(1-conversion),18.078195857335377,0.1933630406856537
MMA_fig2a.xlsx,MMA_fig2a,MMA,65.00,time(min),-ln(1-conversion),18.982105650202147,0.2029736042022705
MMA_fig2a.xlsx,MMA_fig2a,MMA,65.00,time(min),-ln(1-conversion),19.886015443068914,0.21248042583465576
MMA_fig2a.xlsx,MMA_fig2a,MMA,65.00,time(min),-ln(1-conversion),20.789925235935684,0.22187580168247223
MMA_fig2a.xlsx,MMA_fig2a,MMA,65.00,time(min),-ln(1-conversion),21.693835028802454,0.23115308582782745
MMA_fig2a.xlsx,MMA_fig2a,MMA,65.00,time(min),-ln(1-conversion),22.59774482166922,0.24030588567256927
MMA_fig2a.xlsx,MMA_fig2a,MMA,65.00,time(min),-ln(1-conversion),23.50165461453599,0.24932874739170074
MMA_fig2a.xlsx,MMA_fig2a,MMA,65.00,time(min),-ln(1-conversion),24.40556440740276,0.2582164406776428
MMA_fig2a.xlsx,MMA_fig2a,MMA,65.00,time(min),-ln(1-conversion),25.309474200269527,0.2669646739959717
MMA_fig2a.xlsx,MMA_fig2a,MMA,65.00,time(min),-ln(1-conversion),26.213383993136297,0.2755696177482605
MMA_fig2a.xlsx,MMA_fig2a,MMA,65.00,time(min),-ln(1-conversion),27.117293786003067,0.2840281128883362
MMA_fig2a.xlsx,MMA_fig2a,MMA,65.00,time(min),-ln(1-conversion),28.021203578869834,0.2923375368118286
MMA_fig2a.xlsx,MMA_fig2a,MMA,65.00,time(min),-ln(1-conversion),28.925113371736604,0.3004957437515259
MMA_fig2a.xlsx,MMA_fig2a,MMA,65.00,time(min),-ln(1-conversion),29.829023164603374,0.3085014522075653
MMA_fig2a.xlsx,MMA_fig2a,MMA,65.00,time(min),-ln(1-conversion),30.73293295747014,0.3163534104824066
MMA_fig2a.xlsx,MMA_fig2a,MMA,65.00,time(min),-ln(1-conversion),31.63684275033691,0.3240513205528259
MMA_fig2a.xlsx,MMA_fig2a,MMA,65.00,time(min),-ln(1-conversion),32.54075254320368,0.3315950632095337
MMA_fig2a.xlsx,MMA_fig2a,MMA,65.00,time(min),-ln(1-conversion),33.44466233607045,0.3389851450920105
MMA_fig2a.xlsx,MMA_fig2a,MMA,65.00,time(min),-ln(1-conversion),34.348572128937214,0.3462223708629608
MMA_fig2a.xlsx,MMA_fig2a,MMA,65.00,time(min),-ln(1-conversion),35.252481921803984,0.35330796241760254
MMA_fig2a.xlsx,MMA_fig2a,MMA,65.00,time(min),-ln(1-conversion),36.156391714670754,0.36024343967437744
MMA_fig2a.xlsx,MMA_fig2a,MMA,65.00,time(min),-ln(1-conversion),37.060301507537524,0.3670307993888855
MMA_fig2a.xlsx,MMA_fig2a,MMA,65.00,time(min),-ln(1-conversion),37.964211300404294,0.37367215752601624
MMA_fig2a.xlsx,MMA_fig2a,MMA,65.00,time(min),-ln(1-conversion),38.868121093271064,0.3801700174808502
MMA_fig2a.xlsx,MMA_fig2a,MMA,65.00,time(min),-ln(1-conversion),39.77203088613783,0.38652709126472473
MMA_fig2a.xlsx,MMA_fig2a,MMA,65.00,time(min),-ln(1-conversion),40.6759406790046,0.3927462697029114
MMA_fig2a.xlsx,MMA_fig2a,MMA,65.00,time(min),-ln(1-conversion),41.57985047187137,0.3988305926322937
MMA_fig2a.xlsx,MMA_fig2a,MMA,65.00,time(min),-ln(1-conversion),42.48376026473814,0.40478336811065674
MMA_fig2a.xlsx,MMA_fig2a,MMA,65.00,time(min),-ln(1-conversion),43.38767005760491,0.4106079936027527
MMA_fig2a.xlsx,MMA_fig2a,MMA,65.00,time(min),-ln(1-conversion),44.29157985047168,0.4163079261779785
MMA_fig2a.xlsx,MMA_fig2a,MMA,65.00,time(min),-ln(1-conversion),45.19548964333844,0.42188674211502075
MMA_fig2a.xlsx,MMA_fig2a,MMA,65.00,time(min),-ln(1-conversion),46.09939943620521,0.4273480772972107
MMA_fig2a.xlsx,MMA_fig2a,MMA,65.00,time(min),-ln(1-conversion),47.00330922907198,0.4326957166194916
MMA_fig2a.xlsx,MMA_fig2a,MMA,65.00,time(min),-ln(1-conversion),47.90721902193875,0.43793347477912903
MMA_fig2a.xlsx,MMA_fig2a,MMA,65.00,time(min),-ln(1-conversion),48.81112881480552,0.44306501746177673
MMA_fig2a.xlsx,MMA_fig2a,MMA,65.00,time(min),-ln(1-conversion),49.71503860767229,0.44809406995773315
MMA_fig2a.xlsx,MMA_fig2a,MMA,65.00,time(min),-ln(1-conversion),50.618948400539054,0.45302456617355347
MMA_fig2a.xlsx,MMA_fig2a,MMA,65.00,time(min),-ln(1-conversion),51.522858193405824,0.45786023139953613
MMA_fig2a.xlsx,MMA_fig2a,MMA,65.00,time(min),-ln(1-conversion),52.426767986272594,0.46260473132133484
MMA_fig2a.xlsx,MMA_fig2a,MMA,65.00,time(min),-ln(1-conversion),53.330677779139364,0.46726173162460327
MMA_fig2a.xlsx,MMA_fig2a,MMA,65.00,time(min),-ln(1-conversion),54.234587572006134,0.47183501720428467
MMA_fig2a.xlsx,MMA_fig2a,MMA,65.00,time(min),-ln(1-conversion),55.138497364872904,0.4763280153274536
MMA_fig2a.xlsx,MMA_fig2a,MMA,65.00,time(min),-ln(1-conversion),56.04240715773967,0.48074448108673096
MMA_fig2a.xlsx,MMA_fig2a,MMA,65.00,time(min),-ln(1-conversion),56.94631695060644,0.48508772253990173
MMA_fig2a.xlsx,MMA_fig2a,MMA,65.00,time(min),-ln(1-conversion),57.85022674347321,0.4893611967563629
MMA_fig2a.xlsx,MMA_fig2a,MMA,65.00,time(min),-ln(1-conversion),58.75413653633998,0.4935682415962219
MMA_fig2a.xlsx,MMA_fig2a,MMA,65.00,time(min),-ln(1-conversion),59.65804632920675,0.49771204590797424
MMA_fig2a.xlsx,MMA_fig2a,MMA,65.00,time(min),-ln(1-conversion),60.56195612207351,0.5017958283424377
MMA_fig2a.xlsx,MMA_fig2a,MMA,65.00,time(min),-ln(1-conversion),61.46586591494028,0.5058227777481079
MMA_fig2a.xlsx,MMA_fig2a,MMA,65.00,time(min),-ln(1-conversion),62.36977570780705,0.5097957849502563
MMA_fig2a.xlsx,MMA_fig2a,MMA,65.00,time(min),-ln(1-conversion),63.27368550067382,0.5137178301811218
MMA_fig2a.xlsx,MMA_fig2a,MMA,65.00,time(min),-ln(1-conversion),64.17759529354059,0.5175917744636536
MMA_fig2a.xlsx,MMA_fig2a,MMA,65.00,time(min),-ln(1-conversion),65.08150508640736,0.5214203596115112
MMA_fig2a.xlsx,MMA_fig2a,MMA,65.00,time(min),-ln(1-conversion),65.98541487927413,0.5252062082290649
MMA_fig2a.xlsx,MMA_fig2a,MMA,65.00,time(min),-ln(1-conversion),66.8893246721409,0.5289520025253296
MMA_fig2a.xlsx,MMA_fig2a,MMA,65.00,time(min),-ln(1-conversion),67.79323446500767,0.5326602458953857
MMA_fig2a.xlsx,MMA_fig2a,MMA,65.00,time(min),-ln(1-conversion),68.69714425787443,0.5363333225250244
MMA_fig2a.xlsx,MMA_fig2a,MMA,65.00,time(min),-ln(1-conversion),69.6010540507412,0.5399734973907471
MMA_fig2a.xlsx,MMA_fig2a,MMA,65.00,time(min),-ln(1-conversion),70.50496384360797,0.5435832142829895
MMA_fig2a.xlsx,MMA_fig2a,MMA,65.00,time(min),-ln(1-conversion),71.40887363647474,0.5471645593643188
MMA_fig2a.xlsx,MMA_fig2a,MMA,65.00,time(min),-ln(1-conversion),72.31278342934151,0.5507196187973022
MMA_fig2a.xlsx,MMA_fig2a,MMA,65.00,time(min),-ln(1-conversion),73.21669322220828,0.5542504787445068
MMA_fig2a.xlsx,MMA_fig2a,MMA,65.00,time(min),-ln(1-conversion),74.12060301507505,0.5577591061592102
MMA_fig2a.xlsx,MMA_fig2a,MMA,65.00,time(min),-ln(1-conversion),75.02451280794182,0.5612474679946899
MMA_fig2a.xlsx,MMA_fig2a,MMA,65.00,time(min),-ln(1-conversion),75.92842260080859,0.5647172331809998
MMA_fig2a.xlsx,MMA_fig2a,MMA,65.00,time(min),-ln(1-conversion),76.83233239367536,0.5681700706481934
MMA_fig2a.xlsx,MMA_fig2a,MMA,65.00,time(min),-ln(1-conversion),77.73624218654213,0.5716079473495483
MMA_fig2a.xlsx,MMA_fig2a,MMA,65.00,time(min),-ln(1-conversion),78.6401519794089,0.5750321745872498
MMA_fig2a.xlsx,MMA_fig2a,MMA,65.00,time(min),-ln(1-conversion),79.54406177227565,0.5784445405006409
MMA_fig2a.xlsx,MMA_fig2a,MMA,65.00,time(min),-ln(1-conversion),80.44797156514242,0.5818464756011963
MMA_fig2a.xlsx,MMA_fig2a,MMA,65.00,time(min),-ln(1-conversion),81.3518813580092,0.5852394104003906
MMA_fig2a.xlsx,MMA_fig2a,MMA,65.00,time(min),-ln(1-conversion),82.25579115087596,0.5886245965957642
MMA_fig2a.xlsx,MMA_fig2a,MMA,65.00,time(min),-ln(1-conversion),83.15970094374273,0.592003583908081
MMA_fig2a.xlsx,MMA_fig2a,MMA,65.00,time(min),-ln(1-conversion),84.0636107366095,0.5953774452209473
MMA_fig2a.xlsx,MMA_fig2a,MMA,65.00,time(min),-ln(1-conversion),84.96752052947627,0.5987474322319031
MMA_fig2a.xlsx,MMA_fig2a,MMA,65.00,time(min),-ln(1-conversion),85.87143032234304,0.6021148562431335
MMA_fig2a.xlsx,MMA_fig2a,MMA,65.00,time(min),-ln(1-conversion),86.77534011520981,0.6054805517196655
MMA_fig2a.xlsx,MMA_fig2a,MMA,65.00,time(min),-ln(1-conversion),87.67924990807659,0.6088458895683289
MMA_fig2a.xlsx,MMA_fig2a,MMA,65.00,time(min),-ln(1-conversion),88.58315970094336,0.6122117042541504
MMA_fig2a.xlsx,MMA_fig2a,MMA,65.00,time(min),-ln(1-conversion),89.48706949381011,0.6155789494514465
MMA_fig2a.xlsx,MMA_fig2a,MMA,65.00,time(min),-ln(1-conversion),90.39097928667688,0.6189485788345337
MMA_fig2a.xlsx,MMA_fig2a,MMA,65.00,time(min),-ln(1-conversion),91.29488907954365,0.622321605682373
MMA_fig2a.xlsx,MMA_fig2a,MMA,65.00,time(min),-ln(1-conversion),92.19879887241042,0.6256988048553467
MMA_fig2a.xlsx,MMA_fig2a,MMA,65.00,time(min),-ln(1-conversion),93.10270866527719,0.6290809512138367
MMA_fig2a.xlsx,MMA_fig2a,MMA,65.00,time(min),-ln(1-conversion),94.00661845814396,0.6324688792228699
MMA_fig2a.xlsx,MMA_fig2a,MMA,65.00,time(min),-ln(1-conversion),94.91052825101073,0.635863184928894
MMA_fig2a.xlsx,MMA_fig2a,MMA,65.00,time(min),-ln(1-conversion),95.8144380438775,0.6392647624015808
MMA_fig2a.xlsx,MMA_fig2a,MMA,65.00,time(min),-ln(1-conversion),96.71834783674427,0.6426740884780884
MMA_fig2a.xlsx,MMA_fig2a,MMA,65.00,time(min),-ln(1-conversion),97.62225762961104,0.6460919380187988
MMA_fig2a.xlsx,MMA_fig2a,MMA,65.00,time(min),-ln(1-conversion),98.52616742247781,0.6495188474655151
MMA_fig2a.xlsx,MMA_fig2a,MMA,65.00,time(min),-ln(1-conversion),99.43007721534458,0.6529554128646851
MMA_fig2a.xlsx,MMA_fig2a,MMA,65.00,time(min),-ln(1-conversion),100.33398700821134,0.6564019918441772
MMA_fig2a.xlsx,MMA_fig2a,MMA,65.00,time(min),-ln(1-conversion),101.23789680107811,0.6598593592643738
MMA_fig2a.xlsx,MMA_fig2a,MMA,65.00,time(min),-ln(1-conversion),102.14180659394488,0.6633277535438538
MMA_fig2a.xlsx,MMA_fig2a,MMA,65.00,time(min),-ln(1-conversion),103.04571638681165,0.6668078303337097
MMA_fig2a.xlsx,MMA_fig2a,MMA,65.00,time(min),-ln(1-conversion),103.94962617967842,0.670299768447876
MMA_fig2a.xlsx,MMA_fig2a,MMA,65.00,time(min),-ln(1-conversion),104.85353597254519,0.6738041043281555
MMA_fig2a.xlsx,MMA_fig2a,MMA,65.00,time(min),-ln(1-conversion),105.75744576541196,0.6773211359977722
MMA_fig2a.xlsx,MMA_fig2a,MMA,65.00,time(min),-ln(1-conversion),106.66135555827873,0.6808512210845947
MMA_fig2a.xlsx,MMA_fig2a,MMA,65.00,time(min),-ln(1-conversion),107.5652653511455,0.6843947172164917
MMA_fig2a.xlsx,MMA_fig2a,MMA,65.00,time(min),-ln(1-conversion),108.46917514401227,0.6879518032073975
MMA_fig2a.xlsx,MMA_fig2a,MMA,65.00,time(min),-ln(1-conversion),109.37308493687904,0.6915227174758911
MMA_fig2a.xlsx,MMA_fig2a,MMA,65.00,time(min),-ln(1-conversion),110.27699472974581,0.6951076984405518
MMA_fig2a.xlsx,MMA_fig2a,MMA,65.00,time(min),-ln(1-conversion),111.18090452261256,0.6987070441246033
MMA_fig2a.xlsx,MMA_fig2a,MMA,65.00,time(min),-ln(1-conversion),112.08481431547933,0.70232093334198
MMA_fig2a.xlsx,MMA_fig2a,MMA,65.00,time(min),-ln(1-conversion),112.9887241083461,0.7059494256973267
MMA_fig2a.xlsx,MMA_fig2a,MMA,65.00,time(min),-ln(1-conversion),113.89263390121288,0.7095926403999329
MMA_fig2a.xlsx,MMA_fig2a,MMA,65.00,time(min),-ln(1-conversion),114.79654369407965,0.7132506966590881
MMA_fig2a.xlsx,MMA_fig2a,MMA,65.00,time(min),-ln(1-conversion),115.70045348694642,0.716923713684082
MMA_fig2a.xlsx,MMA_fig2a,MMA,65.00,time(min),-ln(1-conversion),116.60436327981319,0.7206117510795593
MMA_fig2a.xlsx,MMA_fig2a,MMA,65.00,time(min),-ln(1-conversion),117.50827307267996,0.7243148684501648
MMA_fig2a.xlsx,MMA_fig2a,MMA,65.00,time(min),-ln(1-conversion),118.41218286554673,0.7280329465866089
MMA_fig2a.xlsx,MMA_fig2a,MMA,65.00,time(min),-ln(1-conversion),119.3160926584135,0.7317662239074707
MMA_fig2a.xlsx,MMA_fig2a,MMA,65.00,time(min),-ln(1-conversion),120.22000245128027,0.7355144023895264
MMA_fig2a.xlsx,MMA_fig2a,MMA,65.00,time(min),-ln(1-conversion),121.12391224414702,0.7392775416374207
MMA_fig2a.xlsx,MMA_fig2a,MMA,65.00,time(min),-ln(1-conversion),122.02782203701379,0.7430557012557983
MMA_fig2a.xlsx,MMA_fig2a,MMA,65.00,time(min),-ln(1-conversion),122.93173182988056,0.746848464012146
MMA_fig2a.xlsx,MMA_fig2a,MMA,65.00,time(min),-ln(1-conversion),123.83564162274733,0.750656008720398
MMA_fig2a.xlsx,MMA_fig2a,MMA,65.00,time(min),-ln(1-conversion),124.7395514156141,0.7544780969619751
MMA_fig2a.xlsx,MMA_fig2a,MMA,65.00,time(min),-ln(1-conversion),125.64346120848087,0.7583144903182983
MMA_fig2a.xlsx,MMA_fig2a,MMA,65.00,time(min),-ln(1-conversion),126.54737100134764,0.7621652483940125
MMA_fig2a.xlsx,MMA_fig2a,MMA,65.00,time(min),-ln(1-conversion),127.45128079421441,0.766029953956604
MMA_fig2a.xlsx,MMA_fig2a,MMA,65.00,time(min),-ln(1-conversion),128.35519058708118,0.7699083089828491
MMA_fig2a.xlsx,MMA_fig2a,MMA,65.00,time(min),-ln(1-conversion),129.25910037994794,0.7738003730773926
MMA_fig2a.xlsx,MMA_fig2a,MMA,65.00,time(min),-ln(1-conversion),130.16301017281472,0.7777056097984314
MMA_fig2a.xlsx,MMA_fig2a,MMA,65.00,time(min),-ln(1-conversion),131.06691996568148,0.7816239595413208
MMA_fig2a.xlsx,MMA_fig2a,MMA,65.00,time(min),-ln(1-conversion),131.97082975854826,0.7855548858642578
MMA_fig2a.xlsx,MMA_fig2a,MMA,65.00,time(min),-ln(1-conversion),132.87473955141502,0.7894982099533081
MMA_fig2a.xlsx,MMA_fig2a,MMA,65.00,time(min),-ln(1-conversion),133.7786493442818,0.7934536933898926
MMA_fig2a.xlsx,MMA_fig2a,MMA,65.00,time(min),-ln(1-conversion),134.68255913714856,0.797420859336853
MMA_fig2a.xlsx,MMA_fig2a,MMA,65.00,time(min),-ln(1-conversion),135.58646893001534,0.8013993501663208
MMA_fig2a.xlsx,MMA_fig2a,MMA,65.00,time(min),-ln(1-conversion),136.4903787228821,0.8053886890411377
MMA_fig2a.xlsx,MMA_fig2a,MMA,65.00,time(min),-ln(1-conversion),137.39428851574885,0.8093886375427246
MMA_fig2a.xlsx,MMA_fig2a,MMA,65.00,time(min),-ln(1-conversion),138.29819830861564,0.8133986592292786
MMA_fig2a.xlsx,MMA_fig2a,MMA,65.00,time(min),-ln(1-conversion),139.2021081014824,0.8174183368682861
MMA_fig2a.xlsx,MMA_fig2a,MMA,65.00,time(min),-ln(1-conversion),140.10601789434918,0.8214472532272339
MMA_fig2a.xlsx,MMA_fig2a,MMA,65.00,time(min),-ln(1-conversion),141.00992768721594,0.8254848718643188
MMA_fig2a.xlsx,MMA_fig2a,MMA,65.00,time(min),-ln(1-conversion),141.91383748008272,0.8295308351516724
MMA_fig2a.xlsx,MMA_fig2a,MMA,65.00,time(min),-ln(1-conversion),142.81774727294948,0.8335844278335571
MMA_fig2a.xlsx,MMA_fig2a,MMA,65.00,time(min),-ln(1-conversion),143.72165706581626,0.8376453518867493
MMA_fig2a.xlsx,MMA_fig2a,MMA,65.00,time(min),-ln(1-conversion),144.62556685868302,0.8417128324508667
MMA_fig2a.xlsx,MMA_fig2a,MMA,65.00,time(min),-ln(1-conversion),145.5294766515498,0.8457866311073303
MMA_fig2a.xlsx,MMA_fig2a,MMA,65.00,time(min),-ln(1-conversion),146.43338644441656,0.8498660326004028
MMA_fig2a.xlsx,MMA_fig2a,MMA,65.00,time(min),-ln(1-conversion),147.3372962372833,0.8539504408836365
MMA_fig2a.xlsx,MMA_fig2a,MMA,65.00,time(min),-ln(1-conversion),148.2412060301501,0.8580392599105835
MMA_fig2a.xlsx,MMA_fig2a,MMA,65.00,time(min),-ln(1-conversion),149.14511582301685,0.8621319532394409
MMA_fig2a.xlsx,MMA_fig2a,MMA,65.00,time(min),-ln(1-conversion),150.04902561588364,0.8662279844284058
MMA_fig2a.xlsx,MMA_fig2a,MMA,65.00,time(min),-ln(1-conversion),150.9529354087504,0.8703266978263855
MMA_fig2a.xlsx,MMA_fig2a,MMA,65.00,time(min),-ln(1-conversion),151.85684520161718,0.8744273781776428
MMA_fig2a.xlsx,MMA_fig2a,MMA,65.00,time(min),-ln(1-conversion),152.76075499448393,0.8785295486450195
MMA_fig2a.xlsx,MMA_fig2a,MMA,65.00,time(min),-ln(1-conversion),153.66466478735072,0.8826323747634888
MMA_fig2a.xlsx,MMA_fig2a,MMA,65.00,time(min),-ln(1-conversion),154.56857458021747,0.8867355585098267
MMA_fig2a.xlsx,MMA_fig2a,MMA,65.00,time(min),-ln(1-conversion),155.47248437308426,0.890838086605072
MMA_fig2a.xlsx,MMA_fig2a,MMA,65.00,time(min),-ln(1-conversion),156.376394165951,0.8949395418167114
MMA_fig2a.xlsx,MMA_fig2a,MMA,65.00,time(min),-ln(1-conversion),157.2803039588178,0.8990392684936523
MMA_fig2a.xlsx,MMA_fig2a,MMA,65.00,time(min),-ln(1-conversion),158.18421375168455,0.9031363725662231
MMA_fig2a.xlsx,MMA_fig2a,MMA,65.00,time(min),-ln(1-conversion),159.0881235445513,0.9072304368019104
MMA_fig2a.xlsx,MMA_fig2a,MMA,65.00,time(min),-ln(1-conversion),159.9920333374181,0.9113207459449768
MMA_fig2a.xlsx,MMA_fig2a,MMA,65.00,time(min),-ln(1-conversion),160.89594313028485,0.9154065847396851
MMA_fig2a.xlsx,MMA_fig2a,MMA,65.00,time(min),-ln(1-conversion),161.79985292315163,0.9194873571395874
MMA_fig2a.xlsx,MMA_fig2a,MMA,65.00,time(min),-ln(1-conversion),162.7037627160184,0.923562228679657
MMA_fig2a.xlsx,MMA_fig2a,MMA,65.00,time(min),-ln(1-conversion),163.60767250888517,0.9276307821273804
MMA_fig2a.xlsx,MMA_fig2a,MMA,65.00,time(min),-ln(1-conversion),164.51158230175193,0.9316923022270203
MMA_fig2a.xlsx,MMA_fig2a,MMA,65.00,time(min),-ln(1-conversion),165.4154920946187,0.9357460141181946
MMA_fig2a.xlsx,MMA_fig2a,MMA,65.00,time(min),-ln(1-conversion),166.31940188748547,0.9397911429405212
MMA_fig2a.xlsx,MMA_fig2a,MMA,65.00,time(min),-ln(1-conversion),167.22331168035225,0.9438273906707764
MMA_fig2a.xlsx,MMA_fig2a,MMA,65.00,time(min),-ln(1-conversion),168.127221473219,0.9478538632392883
MMA_fig2a.xlsx,MMA_fig2a,MMA,65.00,time(min),-ln(1-conversion),169.03113126608577,0.9518699645996094
MMA_fig2a.xlsx,MMA_fig2a,MMA,65.00,time(min),-ln(1-conversion),169.93504105895255,0.9558751583099365
MMA_fig2a.xlsx,MMA_fig2a,MMA,65.00,time(min),-ln(1-conversion),170.8389508518193,0.9598686695098877
MMA_fig2a.xlsx,MMA_fig2a,MMA,65.00,time(min),-ln(1-conversion),171.7428606446861,0.9638499617576599
MMA_fig2a.xlsx,MMA_fig2a,MMA,65.00,time(min),-ln(1-conversion),172.64677043755285,0.9678184390068054
MMA_fig2a.xlsx,MMA_fig2a,MMA,65.00,time(min),-ln(1-conversion),173.55068023041963,0.9717734456062317
MMA_fig2a.xlsx,MMA_fig2a,MMA,65.00,time(min),-ln(1-conversion),174.45459002328639,0.9757144451141357
MMA_fig2a.xlsx,MMA_fig2a,MMA,65.00,time(min),-ln(1-conversion),175.35849981615317,0.9796408414840698
MMA_fig2a.xlsx,MMA_fig2a,MMA,65.00,time(min),-ln(1-conversion),176.26240960901993,0.9835519194602966
MMA_fig2a.xlsx,MMA_fig2a,MMA,65.00,time(min),-ln(1-conversion),177.1663194018867,0.9874472618103027
MMA_fig2a.xlsx,MMA_fig2a,MMA,65.00,time(min),-ln(1-conversion),178.07022919475347,0.9913263916969299
MMA_fig2a.xlsx,MMA_fig2a,MMA,65.00,time(min),-ln(1-conversion),178.97413898762022,0.9951886534690857
MMA_fig2a.xlsx,MMA_fig2a,MMA,65.00,time(min),-ln(1-conversion),179.878048780487,0.9990334510803223
