source_file,source_stem,system,Temp (degree Celsius),x_label,y_label,time_h,-ln(1-conversion) (actual)
STY_fig2c.xlsx,STY_fig2c,STY,55.00,time(h),-ln(1-conversion),3.98876404494381,0.0569608211517334
STY_fig2c.xlsx,STY_fig2c,STY,55.00,time(h),-ln(1-conversion),4.0942069900062,0.0612751841545105
STY_fig2c.xlsx,STY_fig2c,STY,55.00,time(h),-ln(1-conversion),4.199649935068591,0.06552878022193909
STY_fig2c.xlsx,STY_fig2c,STY,55.00,time(h),-ln(1-conversion),4.305092880130982,0.06971612572669983
STY_fig2c.xlsx,STY_fig2c,STY,55.00,time(h),-ln(1-conversion),4.410535825193372,0.07383222877979279
STY_fig2c.xlsx,STY_fig2c,STY,55.00,time(h),-ln(1-conversion),4.515978770255762,0.07787252962589264
STY_fig2c.xlsx,STY_fig2c,STY,55.00,time(h),-ln(1-conversion),4.621421715318153,0.08183304965496063
STY_fig2c.xlsx,STY_fig2c,STY,55.00,time(h),-ln(1-conversion),4.726864660380543,0.08571033179759979
STY_fig2c.xlsx,STY_fig2c,STY,55.00,time(h),-ln(1-conversion),4.832307605442933,0.08950142562389374
STY_fig2c.xlsx,STY_fig2c,STY,55.00,time(h),-ln(1-conversion),4.937750550505323,0.09320391714572906
STY_fig2c.xlsx,STY_fig2c,STY,55.00,time(h),-ln(1-conversion),5.0431934955677145,0.09681597352027893
STY_fig2c.xlsx,STY_fig2c,STY,55.00,time(h),-ln(1-conversion),5.148636440630105,0.10033614933490753
STY_fig2c.xlsx,STY_fig2c,STY,55.00,time(h),-ln(1-conversion),5.254079385692495,0.10376359522342682
STY_fig2c.xlsx,STY_fig2c,STY,55.00,time(h),-ln(1-conversion),5.359522330754885,0.1070978194475174
STY_fig2c.xlsx,STY_fig2c,STY,55.00,time(h),-ln(1-conversion),5.464965275817276,0.11033894121646881
STY_fig2c.xlsx,STY_fig2c,STY,55.00,time(h),-ln(1-conversion),5.570408220879666,0.11348725855350494
STY_fig2c.xlsx,STY_fig2c,STY,55.00,time(h),-ln(1-conversion),5.675851165942056,0.1165437400341034
STY_fig2c.xlsx,STY_fig2c,STY,55.00,time(h),-ln(1-conversion),5.781294111004447,0.1195095032453537
STY_fig2c.xlsx,STY_fig2c,STY,55.00,time(h),-ln(1-conversion),5.8867370560668375,0.12238600850105286
STY_fig2c.xlsx,STY_fig2c,STY,55.00,time(h),-ln(1-conversion),5.992180001129228,0.1251751333475113
STY_fig2c.xlsx,STY_fig2c,STY,55.00,time(h),-ln(1-conversion),6.097622946191619,0.12787887454032898
STY_fig2c.xlsx,STY_fig2c,STY,55.00,time(h),-ln(1-conversion),6.203065891254008,0.13049961626529694
STY_fig2c.xlsx,STY_fig2c,STY,55.00,time(h),-ln(1-conversion),6.308508836316399,0.13303977251052856
STY_fig2c.xlsx,STY_fig2c,STY,55.00,time(h),-ln(1-conversion),6.413951781378789,0.13550212979316711
STY_fig2c.xlsx,STY_fig2c,STY,55.00,time(h),-ln(1-conversion),6.519394726441179,0.13788944482803345
STY_fig2c.xlsx,STY_fig2c,STY,55.00,time(h),-ln(1-conversion),6.62483767150357,0.14020462334156036
STY_fig2c.xlsx,STY_fig2c,STY,55.00,time(h),-ln(1-conversion),6.7302806165659605,0.1424507200717926
STY_fig2c.xlsx,STY_fig2c,STY,55.00,time(h),-ln(1-conversion),6.835723561628351,0.14463090896606445
STY_fig2c.xlsx,STY_fig2c,STY,55.00,time(h),-ln(1-conversion),6.941166506690742,0.14674825966358185
STY_fig2c.xlsx,STY_fig2c,STY,55.00,time(h),-ln(1-conversion),7.046609451753131,0.14880600571632385
STY_fig2c.xlsx,STY_fig2c,STY,55.00,time(h),-ln(1-conversion),7.152052396815522,0.15080736577510834
STY_fig2c.xlsx,STY_fig2c,STY,55.00,time(h),-ln(1-conversion),7.257495341877912,0.15275554358959198
STY_fig2c.xlsx,STY_fig2c,STY,55.00,time(h),-ln(1-conversion),7.362938286940302,0.1546536386013031
STY_fig2c.xlsx,STY_fig2c,STY,55.00,time(h),-ln(1-conversion),7.468381232002693,0.15650485455989838
STY_fig2c.xlsx,STY_fig2c,STY,55.00,time(h),-ln(1-conversion),7.573824177065084,0.15831230580806732
STY_fig2c.xlsx,STY_fig2c,STY,55.00,time(h),-ln(1-conversion),7.679267122127474,0.1600789874792099
STY_fig2c.xlsx,STY_fig2c,STY,55.00,time(h),-ln(1-conversion),7.784710067189865,0.16180789470672607
STY_fig2c.xlsx,STY_fig2c,STY,55.00,time(h),-ln(1-conversion),7.890153012252255,0.16350199282169342
STY_fig2c.xlsx,STY_fig2c,STY,55.00,time(h),-ln(1-conversion),7.995595957314645,0.1651640236377716
STY_fig2c.xlsx,STY_fig2c,STY,55.00,time(h),-ln(1-conversion),8.101038902377034,0.16679684817790985
STY_fig2c.xlsx,STY_fig2c,STY,55.00,time(h),-ln(1-conversion),8.206481847439427,0.1684030443429947
STY_fig2c.xlsx,STY_fig2c,STY,55.00,time(h),-ln(1-conversion),8.311924792501816,0.16998519003391266
STY_fig2c.xlsx,STY_fig2c,STY,55.00,time(h),-ln(1-conversion),8.417367737564206,0.1715458184480667
STY_fig2c.xlsx,STY_fig2c,STY,55.00,time(h),-ln(1-conversion),8.522810682626597,0.17308726906776428
STY_fig2c.xlsx,STY_fig2c,STY,55.00,time(h),-ln(1-conversion),8.628253627688988,0.17461180686950684
STY_fig2c.xlsx,STY_fig2c,STY,55.00,time(h),-ln(1-conversion),8.733696572751377,0.17612162232398987
STY_fig2c.xlsx,STY_fig2c,STY,55.00,time(h),-ln(1-conversion),8.839139517813768,0.17761880159378052
STY_fig2c.xlsx,STY_fig2c,STY,55.00,time(h),-ln(1-conversion),8.94458246287616,0.1791052520275116
STY_fig2c.xlsx,STY_fig2c,STY,55.00,time(h),-ln(1-conversion),9.050025407938548,0.18058288097381592
STY_fig2c.xlsx,STY_fig2c,STY,55.00,time(h),-ln(1-conversion),9.15546835300094,0.18205344676971436
STY_fig2c.xlsx,STY_fig2c,STY,55.00,time(h),-ln(1-conversion),9.26091129806333,0.18351863324642181
STY_fig2c.xlsx,STY_fig2c,STY,55.00,time(h),-ln(1-conversion),9.36635424312572,0.18497994542121887
STY_fig2c.xlsx,STY_fig2c,STY,55.00,time(h),-ln(1-conversion),9.471797188188111,0.18643882870674133
STY_fig2c.xlsx,STY_fig2c,STY,55.00,time(h),-ln(1-conversion),9.577240133250502,0.18789663910865784
STY_fig2c.xlsx,STY_fig2c,STY,55.00,time(h),-ln(1-conversion),9.682683078312891,0.18935464322566986
STY_fig2c.xlsx,STY_fig2c,STY,55.00,time(h),-ln(1-conversion),9.788126023375282,0.19081392884254456
STY_fig2c.xlsx,STY_fig2c,STY,55.00,time(h),-ln(1-conversion),9.893568968437673,0.19227558374404907
STY_fig2c.xlsx,STY_fig2c,STY,55.00,time(h),-ln(1-conversion),9.999011913500063,0.19374051690101624
STY_fig2c.xlsx,STY_fig2c,STY,55.00,time(h),-ln(1-conversion),10.104454858562452,0.1952095925807953
STY_fig2c.xlsx,STY_fig2c,STY,55.00,time(h),-ln(1-conversion),10.209897803624845,0.1966835856437683
STY_fig2c.xlsx,STY_fig2c,STY,55.00,time(h),-ln(1-conversion),10.315340748687234,0.19816312193870544
STY_fig2c.xlsx,STY_fig2c,STY,55.00,time(h),-ln(1-conversion),10.420783693749623,0.19964876770973206
STY_fig2c.xlsx,STY_fig2c,STY,55.00,time(h),-ln(1-conversion),10.526226638812014,0.20114102959632874
STY_fig2c.xlsx,STY_fig2c,STY,55.00,time(h),-ln(1-conversion),10.631669583874405,0.20264029502868652
STY_fig2c.xlsx,STY_fig2c,STY,55.00,time(h),-ln(1-conversion),10.737112528936795,0.20414690673351288
STY_fig2c.xlsx,STY_fig2c,STY,55.00,time(h),-ln(1-conversion),10.842555473999186,0.20566102862358093
STY_fig2c.xlsx,STY_fig2c,STY,55.00,time(h),-ln(1-conversion),10.947998419061577,0.2071828693151474
STY_fig2c.xlsx,STY_fig2c,STY,55.00,time(h),-ln(1-conversion),11.053441364123966,0.20871253311634064
STY_fig2c.xlsx,STY_fig2c,STY,55.00,time(h),-ln(1-conversion),11.158884309186357,0.21024999022483826
STY_fig2c.xlsx,STY_fig2c,STY,55.00,time(h),-ln(1-conversion),11.264327254248748,0.21179521083831787
STY_fig2c.xlsx,STY_fig2c,STY,55.00,time(h),-ln(1-conversion),11.369770199311137,0.21334809064865112
STY_fig2c.xlsx,STY_fig2c,STY,55.00,time(h),-ln(1-conversion),11.475213144373528,0.2149084210395813
STY_fig2c.xlsx,STY_fig2c,STY,55.00,time(h),-ln(1-conversion),11.58065608943592,0.21647600829601288
STY_fig2c.xlsx,STY_fig2c,STY,55.00,time(h),-ln(1-conversion),11.686099034498309,0.2180505245923996
STY_fig2c.xlsx,STY_fig2c,STY,55.00,time(h),-ln(1-conversion),11.7915419795607,0.21963173151016235
STY_fig2c.xlsx,STY_fig2c,STY,55.00,time(h),-ln(1-conversion),11.89698492462309,0.2212192416191101
STY_fig2c.xlsx,STY_fig2c,STY,55.00,time(h),-ln(1-conversion),12.00242786968548,0.22281263768672943
STY_fig2c.xlsx,STY_fig2c,STY,55.00,time(h),-ln(1-conversion),12.107870814747871,0.2244114875793457
STY_fig2c.xlsx,STY_fig2c,STY,55.00,time(h),-ln(1-conversion),12.21331375981026,0.22601532936096191
STY_fig2c.xlsx,STY_fig2c,STY,55.00,time(h),-ln(1-conversion),12.318756704872651,0.22762370109558105
STY_fig2c.xlsx,STY_fig2c,STY,55.00,time(h),-ln(1-conversion),12.424199649935042,0.22923609614372253
STY_fig2c.xlsx,STY_fig2c,STY,55.00,time(h),-ln(1-conversion),12.529642594997432,0.23085199296474457
STY_fig2c.xlsx,STY_fig2c,STY,55.00,time(h),-ln(1-conversion),12.635085540059823,0.23247087001800537
STY_fig2c.xlsx,STY_fig2c,STY,55.00,time(h),-ln(1-conversion),12.740528485122214,0.23409220576286316
STY_fig2c.xlsx,STY_fig2c,STY,55.00,time(h),-ln(1-conversion),12.845971430184603,0.23571544885635376
STY_fig2c.xlsx,STY_fig2c,STY,55.00,time(h),-ln(1-conversion),12.951414375246994,0.23734012246131897
STY_fig2c.xlsx,STY_fig2c,STY,55.00,time(h),-ln(1-conversion),13.056857320309383,0.23896561563014984
STY_fig2c.xlsx,STY_fig2c,STY,55.00,time(h),-ln(1-conversion),13.162300265371774,0.24059143662452698
STY_fig2c.xlsx,STY_fig2c,STY,55.00,time(h),-ln(1-conversion),13.267743210434165,0.2422170788049698
STY_fig2c.xlsx,STY_fig2c,STY,55.00,time(h),-ln(1-conversion),13.373186155496555,0.24384203553199768
STY_fig2c.xlsx,STY_fig2c,STY,55.00,time(h),-ln(1-conversion),13.478629100558946,0.24546584486961365
STY_fig2c.xlsx,STY_fig2c,STY,55.00,time(h),-ln(1-conversion),13.584072045621337,0.2470880001783371
STY_fig2c.xlsx,STY_fig2c,STY,55.00,time(h),-ln(1-conversion),13.689514990683726,0.2487080693244934
STY_fig2c.xlsx,STY_fig2c,STY,55.00,time(h),-ln(1-conversion),13.794957935746117,0.25032564997673035
STY_fig2c.xlsx,STY_fig2c,STY,55.00,time(h),-ln(1-conversion),13.900400880808506,0.2519403100013733
STY_fig2c.xlsx,STY_fig2c,STY,55.00,time(h),-ln(1-conversion),14.005843825870897,0.2535516321659088
STY_fig2c.xlsx,STY_fig2c,STY,55.00,time(h),-ln(1-conversion),14.111286770933289,0.25515928864479065
STY_fig2c.xlsx,STY_fig2c,STY,55.00,time(h),-ln(1-conversion),14.216729715995678,0.25676292181015015
STY_fig2c.xlsx,STY_fig2c,STY,55.00,time(h),-ln(1-conversion),14.322172661058069,0.2583622336387634
STY_fig2c.xlsx,STY_fig2c,STY,55.00,time(h),-ln(1-conversion),14.42761560612046,0.25995689630508423
STY_fig2c.xlsx,STY_fig2c,STY,55.00,time(h),-ln(1-conversion),14.53305855118285,0.26154667139053345
STY_fig2c.xlsx,STY_fig2c,STY,55.00,time(h),-ln(1-conversion),14.63850149624524,0.2631312608718872
STY_fig2c.xlsx,STY_fig2c,STY,55.00,time(h),-ln(1-conversion),14.743944441307631,0.2647104561328888
STY_fig2c.xlsx,STY_fig2c,STY,55.00,time(h),-ln(1-conversion),14.84938738637002,0.2662840485572815
STY_fig2c.xlsx,STY_fig2c,STY,55.00,time(h),-ln(1-conversion),14.954830331432412,0.26785188913345337
STY_fig2c.xlsx,STY_fig2c,STY,55.00,time(h),-ln(1-conversion),15.0602732764948,0.2694137692451477
STY_fig2c.xlsx,STY_fig2c,STY,55.00,time(h),-ln(1-conversion),15.165716221557192,0.27096953988075256
STY_fig2c.xlsx,STY_fig2c,STY,55.00,time(h),-ln(1-conversion),15.271159166619583,0.2725190818309784
STY_fig2c.xlsx,STY_fig2c,STY,55.00,time(h),-ln(1-conversion),15.376602111681972,0.27406224608421326
STY_fig2c.xlsx,STY_fig2c,STY,55.00,time(h),-ln(1-conversion),15.482045056744363,0.2755989730358124
STY_fig2c.xlsx,STY_fig2c,STY,55.00,time(h),-ln(1-conversion),15.587488001806754,0.2771291732788086
STY_fig2c.xlsx,STY_fig2c,STY,55.00,time(h),-ln(1-conversion),15.692930946869144,0.27865275740623474
STY_fig2c.xlsx,STY_fig2c,STY,55.00,time(h),-ln(1-conversion),15.798373891931535,0.28016963601112366
STY_fig2c.xlsx,STY_fig2c,STY,55.00,time(h),-ln(1-conversion),15.903816836993926,0.28167980909347534
STY_fig2c.xlsx,STY_fig2c,STY,55.00,time(h),-ln(1-conversion),16.009259782056315,0.283183217048645
STY_fig2c.xlsx,STY_fig2c,STY,55.00,time(h),-ln(1-conversion),16.114702727118704,0.2846798300743103
STY_fig2c.xlsx,STY_fig2c,STY,55.00,time(h),-ln(1-conversion),16.220145672181097,0.2861696183681488
STY_fig2c.xlsx,STY_fig2c,STY,55.00,time(h),-ln(1-conversion),16.325588617243486,0.2876525819301605
STY_fig2c.xlsx,STY_fig2c,STY,55.00,time(h),-ln(1-conversion),16.431031562305876,0.28912875056266785
STY_fig2c.xlsx,STY_fig2c,STY,55.00,time(h),-ln(1-conversion),16.53647450736827,0.2905980050563812
STY_fig2c.xlsx,STY_fig2c,STY,55.00,time(h),-ln(1-conversion),16.641917452430658,0.2920604646205902
STY_fig2c.xlsx,STY_fig2c,STY,55.00,time(h),-ln(1-conversion),16.747360397493047,0.29351606965065
STY_fig2c.xlsx,STY_fig2c,STY,55.00,time(h),-ln(1-conversion),16.85280334255544,0.29496487975120544
STY_fig2c.xlsx,STY_fig2c,STY,55.00,time(h),-ln(1-conversion),16.95824628761783,0.2964068353176117
STY_fig2c.xlsx,STY_fig2c,STY,55.00,time(h),-ln(1-conversion),17.06368923268022,0.29784202575683594
STY_fig2c.xlsx,STY_fig2c,STY,55.00,time(h),-ln(1-conversion),17.16913217774261,0.2992703914642334
STY_fig2c.xlsx,STY_fig2c,STY,55.00,time(h),-ln(1-conversion),17.274575122805,0.30069205164909363
STY_fig2c.xlsx,STY_fig2c,STY,55.00,time(h),-ln(1-conversion),17.38001806786739,0.30210697650909424
STY_fig2c.xlsx,STY_fig2c,STY,55.00,time(h),-ln(1-conversion),17.485461012929782,0.3035151958465576
STY_fig2c.xlsx,STY_fig2c,STY,55.00,time(h),-ln(1-conversion),17.59090395799217,0.3049166798591614
STY_fig2c.xlsx,STY_fig2c,STY,55.00,time(h),-ln(1-conversion),17.69634690305456,0.30631154775619507
STY_fig2c.xlsx,STY_fig2c,STY,55.00,time(h),-ln(1-conversion),17.801789848116954,0.3076997697353363
STY_fig2c.xlsx,STY_fig2c,STY,55.00,time(h),-ln(1-conversion),17.907232793179343,0.3090813457965851
STY_fig2c.xlsx,STY_fig2c,STY,55.00,time(h),-ln(1-conversion),18.012675738241732,0.3104563355445862
STY_fig2c.xlsx,STY_fig2c,STY,55.00,time(h),-ln(1-conversion),18.118118683304125,0.3118247091770172
STY_fig2c.xlsx,STY_fig2c,STY,55.00,time(h),-ln(1-conversion),18.22356162836651,0.3131866455078125
STY_fig2c.xlsx,STY_fig2c,STY,55.00,time(h),-ln(1-conversion),18.329004573428904,0.3145419657230377
STY_fig2c.xlsx,STY_fig2c,STY,55.00,time(h),-ln(1-conversion),18.434447518491297,0.3158907890319824
STY_fig2c.xlsx,STY_fig2c,STY,55.00,time(h),-ln(1-conversion),18.539890463553682,0.3172331750392914
STY_fig2c.xlsx,STY_fig2c,STY,55.00,time(h),-ln(1-conversion),18.645333408616075,0.3185690939426422
STY_fig2c.xlsx,STY_fig2c,STY,55.00,time(h),-ln(1-conversion),18.750776353678468,0.3198985755443573
STY_fig2c.xlsx,STY_fig2c,STY,55.00,time(h),-ln(1-conversion),18.856219298740854,0.32122161984443665
STY_fig2c.xlsx,STY_fig2c,STY,55.00,time(h),-ln(1-conversion),18.961662243803246,0.32253822684288025
STY_fig2c.xlsx,STY_fig2c,STY,55.00,time(h),-ln(1-conversion),19.067105188865636,0.3238484859466553
STY_fig2c.xlsx,STY_fig2c,STY,55.00,time(h),-ln(1-conversion),19.172548133928025,0.32515233755111694
STY_fig2c.xlsx,STY_fig2c,STY,55.00,time(h),-ln(1-conversion),19.277991078990418,0.3264498710632324
STY_fig2c.xlsx,STY_fig2c,STY,55.00,time(h),-ln(1-conversion),19.383434024052807,0.3277410566806793
STY_fig2c.xlsx,STY_fig2c,STY,55.00,time(h),-ln(1-conversion),19.488876969115196,0.32902592420578003
STY_fig2c.xlsx,STY_fig2c,STY,55.00,time(h),-ln(1-conversion),19.59431991417759,0.33030447363853455
STY_fig2c.xlsx,STY_fig2c,STY,55.00,time(h),-ln(1-conversion),19.69976285923998,0.33157670497894287
STY_fig2c.xlsx,STY_fig2c,STY,55.00,time(h),-ln(1-conversion),19.805205804302368,0.3328426480293274
STY_fig2c.xlsx,STY_fig2c,STY,55.00,time(h),-ln(1-conversion),19.91064874936476,0.3341023027896881
STY_fig2c.xlsx,STY_fig2c,STY,55.00,time(h),-ln(1-conversion),20.01609169442715,0.3353557288646698
STY_fig2c.xlsx,STY_fig2c,STY,55.00,time(h),-ln(1-conversion),20.12153463948954,0.3366028070449829
STY_fig2c.xlsx,STY_fig2c,STY,55.00,time(h),-ln(1-conversion),20.226977584551932,0.33784371614456177
STY_fig2c.xlsx,STY_fig2c,STY,55.00,time(h),-ln(1-conversion),20.33242052961432,0.33907827734947205
STY_fig2c.xlsx,STY_fig2c,STY,55.00,time(h),-ln(1-conversion),20.43786347467671,0.34030666947364807
STY_fig2c.xlsx,STY_fig2c,STY,55.00,time(h),-ln(1-conversion),20.543306419739103,0.3415287733078003
STY_fig2c.xlsx,STY_fig2c,STY,55.00,time(h),-ln(1-conversion),20.648749364801493,0.3427446782588959
STY_fig2c.xlsx,STY_fig2c,STY,55.00,time(h),-ln(1-conversion),20.754192309863882,0.34395432472229004
STY_fig2c.xlsx,STY_fig2c,STY,55.00,time(h),-ln(1-conversion),20.859635254926275,0.3451577126979828
STY_fig2c.xlsx,STY_fig2c,STY,55.00,time(h),-ln(1-conversion),20.965078199988664,0.3463549017906189
STY_fig2c.xlsx,STY_fig2c,STY,55.00,time(h),-ln(1-conversion),21.070521145051053,0.3475458323955536
STY_fig2c.xlsx,STY_fig2c,STY,55.00,time(h),-ln(1-conversion),21.175964090113446,0.34873053431510925
STY_fig2c.xlsx,STY_fig2c,STY,55.00,time(h),-ln(1-conversion),21.281407035175835,0.3499090075492859
STY_fig2c.xlsx,STY_fig2c,STY,55.00,time(h),-ln(1-conversion),21.386849980238225,0.3510812222957611
STY_fig2c.xlsx,STY_fig2c,STY,55.00,time(h),-ln(1-conversion),21.492292925300617,0.3522472083568573
STY_fig2c.xlsx,STY_fig2c,STY,55.00,time(h),-ln(1-conversion),21.597735870363007,0.3534069359302521
STY_fig2c.xlsx,STY_fig2c,STY,55.00,time(h),-ln(1-conversion),21.703178815425396,0.35456040501594543
STY_fig2c.xlsx,STY_fig2c,STY,55.00,time(h),-ln(1-conversion),21.808621760487785,0.35570764541625977
STY_fig2c.xlsx,STY_fig2c,STY,55.00,time(h),-ln(1-conversion),21.914064705550178,0.3568485677242279
STY_fig2c.xlsx,STY_fig2c,STY,55.00,time(h),-ln(1-conversion),22.019507650612567,0.35798323154449463
STY_fig2c.xlsx,STY_fig2c,STY,55.00,time(h),-ln(1-conversion),22.124950595674957,0.35911160707473755
STY_fig2c.xlsx,STY_fig2c,STY,55.00,time(h),-ln(1-conversion),22.23039354073735,0.36023369431495667
STY_fig2c.xlsx,STY_fig2c,STY,55.00,time(h),-ln(1-conversion),22.33583648579974,0.3613494634628296
STY_fig2c.xlsx,STY_fig2c,STY,55.00,time(h),-ln(1-conversion),22.441279430862128,0.3624589443206787
STY_fig2c.xlsx,STY_fig2c,STY,55.00,time(h),-ln(1-conversion),22.54672237592452,0.36356207728385925
STY_fig2c.xlsx,STY_fig2c,STY,55.00,time(h),-ln(1-conversion),22.65216532098691,0.3646588623523712
STY_fig2c.xlsx,STY_fig2c,STY,55.00,time(h),-ln(1-conversion),22.7576082660493,0.3657493591308594
STY_fig2c.xlsx,STY_fig2c,STY,55.00,time(h),-ln(1-conversion),22.863051211111692,0.3668333888053894
STY_fig2c.xlsx,STY_fig2c,STY,55.00,time(h),-ln(1-conversion),22.96849415617408,0.367911159992218
STY_fig2c.xlsx,STY_fig2c,STY,55.00,time(h),-ln(1-conversion),23.07393710123647,0.3689824342727661
STY_fig2c.xlsx,STY_fig2c,STY,55.00,time(h),-ln(1-conversion),23.179380046298864,0.37004736065864563
STY_fig2c.xlsx,STY_fig2c,STY,55.00,time(h),-ln(1-conversion),23.284822991361253,0.3711058497428894
STY_fig2c.xlsx,STY_fig2c,STY,55.00,time(h),-ln(1-conversion),23.390265936423642,0.3721579313278198
STY_fig2c.xlsx,STY_fig2c,STY,55.00,time(h),-ln(1-conversion),23.495708881486035,0.3732035160064697
STY_fig2c.xlsx,STY_fig2c,STY,55.00,time(h),-ln(1-conversion),23.601151826548424,0.3742426633834839
STY_fig2c.xlsx,STY_fig2c,STY,55.00,time(h),-ln(1-conversion),23.706594771610813,0.3752753734588623
STY_fig2c.xlsx,STY_fig2c,STY,55.00,time(h),-ln(1-conversion),23.812037716673203,0.37630149722099304
STY_fig2c.xlsx,STY_fig2c,STY,55.00,time(h),-ln(1-conversion),23.917480661735596,0.37732118368148804
STY_fig2c.xlsx,STY_fig2c,STY,55.00,time(h),-ln(1-conversion),24.022923606797985,0.37833428382873535
STY_fig2c.xlsx,STY_fig2c,STY,55.00,time(h),-ln(1-conversion),24.128366551860374,0.37934085726737976
STY_fig2c.xlsx,STY_fig2c,STY,55.00,time(h),-ln(1-conversion),24.233809496922767,0.38034090399742126
STY_fig2c.xlsx,STY_fig2c,STY,55.00,time(h),-ln(1-conversion),24.339252441985156,0.3813343346118927
STY_fig2c.xlsx,STY_fig2c,STY,55.00,time(h),-ln(1-conversion),24.444695387047545,0.38232114911079407
STY_fig2c.xlsx,STY_fig2c,STY,55.00,time(h),-ln(1-conversion),24.55013833210994,0.38330137729644775
STY_fig2c.xlsx,STY_fig2c,STY,55.00,time(h),-ln(1-conversion),24.655581277172328,0.38427501916885376
STY_fig2c.xlsx,STY_fig2c,STY,55.00,time(h),-ln(1-conversion),24.761024222234717,0.38524195551872253
STY_fig2c.xlsx,STY_fig2c,STY,55.00,time(h),-ln(1-conversion),24.86646716729711,0.38620227575302124
STY_fig2c.xlsx,STY_fig2c,STY,55.00,time(h),-ln(1-conversion),24.9719101123595,0.3871559500694275
STY_fig2c.xlsx,STY_fig2c,STY,65.00,time(h),-ln(1-conversion),3.96067415730337,0.17315183579921722
STY_fig2c.xlsx,STY_fig2c,STY,65.00,time(h),-ln(1-conversion),4.0409914742250574,0.17567919194698334
STY_fig2c.xlsx,STY_fig2c,STY,65.00,time(h),-ln(1-conversion),4.121308791146744,0.17814067006111145
STY_fig2c.xlsx,STY_fig2c,STY,65.00,time(h),-ln(1-conversion),4.201626108068432,0.18053731322288513
STY_fig2c.xlsx,STY_fig2c,STY,65.00,time(h),-ln(1-conversion),4.281943424990118,0.18287044763565063
STY_fig2c.xlsx,STY_fig2c,STY,65.00,time(h),-ln(1-conversion),4.362260741911806,0.1851414144039154
STY_fig2c.xlsx,STY_fig2c,STY,65.00,time(h),-ln(1-conversion),4.442578058833492,0.18735161423683167
STY_fig2c.xlsx,STY_fig2c,STY,65.00,time(h),-ln(1-conversion),4.52289537575518,0.18950262665748596
STY_fig2c.xlsx,STY_fig2c,STY,65.00,time(h),-ln(1-conversion),4.603212692676866,0.191596120595932
STY_fig2c.xlsx,STY_fig2c,STY,65.00,time(h),-ln(1-conversion),4.683530009598554,0.19363373517990112
STY_fig2c.xlsx,STY_fig2c,STY,65.00,time(h),-ln(1-conversion),4.76384732652024,0.19561731815338135
STY_fig2c.xlsx,STY_fig2c,STY,65.00,time(h),-ln(1-conversion),4.844164643441928,0.19754861295223236
STY_fig2c.xlsx,STY_fig2c,STY,65.00,time(h),-ln(1-conversion),4.9244819603636145,0.1994294822216034
STY_fig2c.xlsx,STY_fig2c,STY,65.00,time(h),-ln(1-conversion),5.0047992772853025,0.20126184821128845
STY_fig2c.xlsx,STY_fig2c,STY,65.00,time(h),-ln(1-conversion),5.085116594206989,0.20304754376411438
STY_fig2c.xlsx,STY_fig2c,STY,65.00,time(h),-ln(1-conversion),5.165433911128677,0.20478858053684235
STY_fig2c.xlsx,STY_fig2c,STY,65.00,time(h),-ln(1-conversion),5.245751228050363,0.20648682117462158
STY_fig2c.xlsx,STY_fig2c,STY,65.00,time(h),-ln(1-conversion),5.326068544972051,0.20814424753189087
STY_fig2c.xlsx,STY_fig2c,STY,65.00,time(h),-ln(1-conversion),5.406385861893737,0.2097627818584442
STY_fig2c.xlsx,STY_fig2c,STY,65.00,time(h),-ln(1-conversion),5.486703178815425,0.21134433150291443
STY_fig2c.xlsx,STY_fig2c,STY,65.00,time(h),-ln(1-conversion),5.567020495737111,0.2128908336162567
STY_fig2c.xlsx,STY_fig2c,STY,65.00,time(h),-ln(1-conversion),5.647337812658799,0.2144041359424591
STY_fig2c.xlsx,STY_fig2c,STY,65.00,time(h),-ln(1-conversion),5.727655129580485,0.21588614583015442
STY_fig2c.xlsx,STY_fig2c,STY,65.00,time(h),-ln(1-conversion),5.807972446502173,0.21733874082565308
STY_fig2c.xlsx,STY_fig2c,STY,65.00,time(h),-ln(1-conversion),5.88828976342386,0.21876366436481476
STY_fig2c.xlsx,STY_fig2c,STY,65.00,time(h),-ln(1-conversion),5.9686070803455475,0.22016283869743347
STY_fig2c.xlsx,STY_fig2c,STY,65.00,time(h),-ln(1-conversion),6.048924397267234,0.22153791785240173
STY_fig2c.xlsx,STY_fig2c,STY,65.00,time(h),-ln(1-conversion),6.129241714188922,0.222890704870224
STY_fig2c.xlsx,STY_fig2c,STY,65.00,time(h),-ln(1-conversion),6.209559031110608,0.2242228388786316
STY_fig2c.xlsx,STY_fig2c,STY,65.00,time(h),-ln(1-conversion),6.289876348032296,0.22553607821464539
STY_fig2c.xlsx,STY_fig2c,STY,65.00,time(h),-ln(1-conversion),6.370193664953982,0.22683203220367432
STY_fig2c.xlsx,STY_fig2c,STY,65.00,time(h),-ln(1-conversion),6.45051098187567,0.22811228036880493
STY_fig2c.xlsx,STY_fig2c,STY,65.00,time(h),-ln(1-conversion),6.530828298797356,0.22937840223312378
STY_fig2c.xlsx,STY_fig2c,STY,65.00,time(h),-ln(1-conversion),6.611145615719044,0.23063191771507263
STY_fig2c.xlsx,STY_fig2c,STY,65.00,time(h),-ln(1-conversion),6.69146293264073,0.23187433183193207
STY_fig2c.xlsx,STY_fig2c,STY,65.00,time(h),-ln(1-conversion),6.771780249562418,0.23310716450214386
STY_fig2c.xlsx,STY_fig2c,STY,65.00,time(h),-ln(1-conversion),6.852097566484105,0.23433175683021545
STY_fig2c.xlsx,STY_fig2c,STY,65.00,time(h),-ln(1-conversion),6.932414883405793,0.23554956912994385
STY_fig2c.xlsx,STY_fig2c,STY,65.00,time(h),-ln(1-conversion),7.012732200327479,0.2367619127035141
STY_fig2c.xlsx,STY_fig2c,STY,65.00,time(h),-ln(1-conversion),7.093049517249167,0.23797017335891724
STY_fig2c.xlsx,STY_fig2c,STY,65.00,time(h),-ln(1-conversion),7.173366834170853,0.23917555809020996
STY_fig2c.xlsx,STY_fig2c,STY,65.00,time(h),-ln(1-conversion),7.253684151092541,0.2403794378042221
STY_fig2c.xlsx,STY_fig2c,STY,65.00,time(h),-ln(1-conversion),7.334001468014227,0.2415829598903656
STY_fig2c.xlsx,STY_fig2c,STY,65.00,time(h),-ln(1-conversion),7.414318784935915,0.2427874058485031
STY_fig2c.xlsx,STY_fig2c,STY,65.00,time(h),-ln(1-conversion),7.494636101857601,0.243993878364563
STY_fig2c.xlsx,STY_fig2c,STY,65.00,time(h),-ln(1-conversion),7.574953418779289,0.24520353972911835
STY_fig2c.xlsx,STY_fig2c,STY,65.00,time(h),-ln(1-conversion),7.6552707357009755,0.24641753733158112
STY_fig2c.xlsx,STY_fig2c,STY,65.00,time(h),-ln(1-conversion),7.7355880526226635,0.24763691425323486
STY_fig2c.xlsx,STY_fig2c,STY,65.00,time(h),-ln(1-conversion),7.81590536954435,0.24886277318000793
STY_fig2c.xlsx,STY_fig2c,STY,65.00,time(h),-ln(1-conversion),7.896222686466038,0.25009605288505554
STY_fig2c.xlsx,STY_fig2c,STY,65.00,time(h),-ln(1-conversion),7.976540003387724,0.2513378858566284
STY_fig2c.xlsx,STY_fig2c,STY,65.00,time(h),-ln(1-conversion),8.056857320309412,0.2525891363620758
STY_fig2c.xlsx,STY_fig2c,STY,65.00,time(h),-ln(1-conversion),8.137174637231098,0.2538507580757141
STY_fig2c.xlsx,STY_fig2c,STY,65.00,time(h),-ln(1-conversion),8.217491954152786,0.2551237940788269
STY_fig2c.xlsx,STY_fig2c,STY,65.00,time(h),-ln(1-conversion),8.297809271074472,0.2564089894294739
STY_fig2c.xlsx,STY_fig2c,STY,65.00,time(h),-ln(1-conversion),8.37812658799616,0.25770726799964905
STY_fig2c.xlsx,STY_fig2c,STY,65.00,time(h),-ln(1-conversion),8.458443904917846,0.25901949405670166
STY_fig2c.xlsx,STY_fig2c,STY,65.00,time(h),-ln(1-conversion),8.538761221839534,0.2603464424610138
STY_fig2c.xlsx,STY_fig2c,STY,65.00,time(h),-ln(1-conversion),8.61907853876122,0.2616889476776123
STY_fig2c.xlsx,STY_fig2c,STY,65.00,time(h),-ln(1-conversion),8.699395855682909,0.2630477249622345
STY_fig2c.xlsx,STY_fig2c,STY,65.00,time(h),-ln(1-conversion),8.779713172604595,0.2644234895706177
STY_fig2c.xlsx,STY_fig2c,STY,65.00,time(h),-ln(1-conversion),8.860030489526283,0.2658170163631439
STY_fig2c.xlsx,STY_fig2c,STY,65.00,time(h),-ln(1-conversion),8.940347806447969,0.267228901386261
STY_fig2c.xlsx,STY_fig2c,STY,65.00,time(h),-ln(1-conversion),9.020665123369657,0.2686598598957062
STY_fig2c.xlsx,STY_fig2c,STY,65.00,time(h),-ln(1-conversion),9.100982440291343,0.27011045813560486
STY_fig2c.xlsx,STY_fig2c,STY,65.00,time(h),-ln(1-conversion),9.181299757213031,0.2715812921524048
STY_fig2c.xlsx,STY_fig2c,STY,65.00,time(h),-ln(1-conversion),9.261617074134717,0.27307289838790894
STY_fig2c.xlsx,STY_fig2c,STY,65.00,time(h),-ln(1-conversion),9.341934391056405,0.27458587288856506
STY_fig2c.xlsx,STY_fig2c,STY,65.00,time(h),-ln(1-conversion),9.422251707978091,0.2761205732822418
STY_fig2c.xlsx,STY_fig2c,STY,65.00,time(h),-ln(1-conversion),9.50256902489978,0.2776775658130646
STY_fig2c.xlsx,STY_fig2c,STY,65.00,time(h),-ln(1-conversion),9.582886341821466,0.27925723791122437
STY_fig2c.xlsx,STY_fig2c,STY,65.00,time(h),-ln(1-conversion),9.663203658743154,0.28085997700691223
STY_fig2c.xlsx,STY_fig2c,STY,65.00,time(h),-ln(1-conversion),9.74352097566484,0.28248611092567444
STY_fig2c.xlsx,STY_fig2c,STY,65.00,time(h),-ln(1-conversion),9.823838292586528,0.28413596749305725
STY_fig2c.xlsx,STY_fig2c,STY,65.00,time(h),-ln(1-conversion),9.904155609508214,0.28580978512763977
STY_fig2c.xlsx,STY_fig2c,STY,65.00,time(h),-ln(1-conversion),9.984472926429902,0.2875078320503235
STY_fig2c.xlsx,STY_fig2c,STY,65.00,time(h),-ln(1-conversion),10.064790243351588,0.28923025727272034
STY_fig2c.xlsx,STY_fig2c,STY,65.00,time(h),-ln(1-conversion),10.145107560273276,0.2909772992134094
STY_fig2c.xlsx,STY_fig2c,STY,65.00,time(h),-ln(1-conversion),10.225424877194962,0.29274892807006836
STY_fig2c.xlsx,STY_fig2c,STY,65.00,time(h),-ln(1-conversion),10.30574219411665,0.2945452928543091
STY_fig2c.xlsx,STY_fig2c,STY,65.00,time(h),-ln(1-conversion),10.386059511038336,0.2963663935661316
STY_fig2c.xlsx,STY_fig2c,STY,65.00,time(h),-ln(1-conversion),10.466376827960024,0.2982121706008911
STY_fig2c.xlsx,STY_fig2c,STY,65.00,time(h),-ln(1-conversion),10.54669414488171,0.30008256435394287
STY_fig2c.xlsx,STY_fig2c,STY,65.00,time(h),-ln(1-conversion),10.627011461803399,0.3019774556159973
STY_fig2c.xlsx,STY_fig2c,STY,65.00,time(h),-ln(1-conversion),10.707328778725085,0.3038966953754425
STY_fig2c.xlsx,STY_fig2c,STY,65.00,time(h),-ln(1-conversion),10.787646095646773,0.30584004521369934
STY_fig2c.xlsx,STY_fig2c,STY,65.00,time(h),-ln(1-conversion),10.867963412568459,0.30780723690986633
STY_fig2c.xlsx,STY_fig2c,STY,65.00,time(h),-ln(1-conversion),10.948280729490147,0.3097979426383972
STY_fig2c.xlsx,STY_fig2c,STY,65.00,time(h),-ln(1-conversion),11.028598046411833,0.3118118345737457
STY_fig2c.xlsx,STY_fig2c,STY,65.00,time(h),-ln(1-conversion),11.108915363333521,0.31384843587875366
STY_fig2c.xlsx,STY_fig2c,STY,65.00,time(h),-ln(1-conversion),11.189232680255207,0.31590735912323
STY_fig2c.xlsx,STY_fig2c,STY,65.00,time(h),-ln(1-conversion),11.269549997176895,0.3179880380630493
STY_fig2c.xlsx,STY_fig2c,STY,65.00,time(h),-ln(1-conversion),11.349867314098582,0.3200899064540863
STY_fig2c.xlsx,STY_fig2c,STY,65.00,time(h),-ln(1-conversion),11.43018463102027,0.3222123980522156
STY_fig2c.xlsx,STY_fig2c,STY,65.00,time(h),-ln(1-conversion),11.510501947941956,0.3243548572063446
STY_fig2c.xlsx,STY_fig2c,STY,65.00,time(h),-ln(1-conversion),11.590819264863644,0.3265165388584137
STY_fig2c.xlsx,STY_fig2c,STY,65.00,time(h),-ln(1-conversion),11.67113658178533,0.32869672775268555
STY_fig2c.xlsx,STY_fig2c,STY,65.00,time(h),-ln(1-conversion),11.751453898707018,0.3308946490287781
STY_fig2c.xlsx,STY_fig2c,STY,65.00,time(h),-ln(1-conversion),11.831771215628704,0.33310940861701965
STY_fig2c.xlsx,STY_fig2c,STY,65.00,time(h),-ln(1-conversion),11.912088532550392,0.3353402018547058
STY_fig2c.xlsx,STY_fig2c,STY,65.00,time(h),-ln(1-conversion),11.992405849472078,0.33758607506752014
STY_fig2c.xlsx,STY_fig2c,STY,65.00,time(h),-ln(1-conversion),12.072723166393764,0.33984607458114624
STY_fig2c.xlsx,STY_fig2c,STY,65.00,time(h),-ln(1-conversion),12.153040483315452,0.3421192765235901
STY_fig2c.xlsx,STY_fig2c,STY,65.00,time(h),-ln(1-conversion),12.23335780023714,0.34440457820892334
STY_fig2c.xlsx,STY_fig2c,STY,65.00,time(h),-ln(1-conversion),12.313675117158827,0.3467009663581848
STY_fig2c.xlsx,STY_fig2c,STY,65.00,time(h),-ln(1-conversion),12.393992434080513,0.34900739789009094
STY_fig2c.xlsx,STY_fig2c,STY,65.00,time(h),-ln(1-conversion),12.4743097510022,0.3513227105140686
STY_fig2c.xlsx,STY_fig2c,STY,65.00,time(h),-ln(1-conversion),12.554627067923889,0.35364586114883423
STY_fig2c.xlsx,STY_fig2c,STY,65.00,time(h),-ln(1-conversion),12.634944384845575,0.35597556829452515
STY_fig2c.xlsx,STY_fig2c,STY,65.00,time(h),-ln(1-conversion),12.715261701767261,0.3583107888698578
STY_fig2c.xlsx,STY_fig2c,STY,65.00,time(h),-ln(1-conversion),12.795579018688949,0.36065027117729187
STY_fig2c.xlsx,STY_fig2c,STY,65.00,time(h),-ln(1-conversion),12.875896335610637,0.36299288272857666
STY_fig2c.xlsx,STY_fig2c,STY,65.00,time(h),-ln(1-conversion),12.956213652532323,0.3653373718261719
STY_fig2c.xlsx,STY_fig2c,STY,65.00,time(h),-ln(1-conversion),13.03653096945401,0.3676825761795044
STY_fig2c.xlsx,STY_fig2c,STY,65.00,time(h),-ln(1-conversion),13.116848286375697,0.3700272738933563
STY_fig2c.xlsx,STY_fig2c,STY,65.00,time(h),-ln(1-conversion),13.197165603297385,0.37237024307250977
STY_fig2c.xlsx,STY_fig2c,STY,65.00,time(h),-ln(1-conversion),13.277482920219072,0.3747102916240692
STY_fig2c.xlsx,STY_fig2c,STY,65.00,time(h),-ln(1-conversion),13.357800237140758,0.37704622745513916
STY_fig2c.xlsx,STY_fig2c,STY,65.00,time(h),-ln(1-conversion),13.438117554062446,0.3793768286705017
STY_fig2c.xlsx,STY_fig2c,STY,65.00,time(h),-ln(1-conversion),13.518434870984134,0.38170096278190613
STY_fig2c.xlsx,STY_fig2c,STY,65.00,time(h),-ln(1-conversion),13.59875218790582,0.3840174674987793
STY_fig2c.xlsx,STY_fig2c,STY,65.00,time(h),-ln(1-conversion),13.679069504827506,0.3863251805305481
STY_fig2c.xlsx,STY_fig2c,STY,65.00,time(h),-ln(1-conversion),13.759386821749194,0.3886229693889618
STY_fig2c.xlsx,STY_fig2c,STY,65.00,time(h),-ln(1-conversion),13.839704138670882,0.3909097909927368
STY_fig2c.xlsx,STY_fig2c,STY,65.00,time(h),-ln(1-conversion),13.920021455592568,0.3931845426559448
STY_fig2c.xlsx,STY_fig2c,STY,65.00,time(h),-ln(1-conversion),14.000338772514255,0.39544612169265747
STY_fig2c.xlsx,STY_fig2c,STY,65.00,time(h),-ln(1-conversion),14.080656089435942,0.3976936340332031
STY_fig2c.xlsx,STY_fig2c,STY,65.00,time(h),-ln(1-conversion),14.16097340635763,0.39992594718933105
STY_fig2c.xlsx,STY_fig2c,STY,65.00,time(h),-ln(1-conversion),14.241290723279317,0.4021422863006592
STY_fig2c.xlsx,STY_fig2c,STY,65.00,time(h),-ln(1-conversion),14.321608040201003,0.40434157848358154
STY_fig2c.xlsx,STY_fig2c,STY,65.00,time(h),-ln(1-conversion),14.40192535712269,0.4065229892730713
STY_fig2c.xlsx,STY_fig2c,STY,65.00,time(h),-ln(1-conversion),14.482242674044379,0.40868574380874634
STY_fig2c.xlsx,STY_fig2c,STY,65.00,time(h),-ln(1-conversion),14.562559990966065,0.41082894802093506
STY_fig2c.xlsx,STY_fig2c,STY,65.00,time(h),-ln(1-conversion),14.642877307887751,0.41295191645622253
STY_fig2c.xlsx,STY_fig2c,STY,65.00,time(h),-ln(1-conversion),14.72319462480944,0.4150538742542267
STY_fig2c.xlsx,STY_fig2c,STY,65.00,time(h),-ln(1-conversion),14.803511941731127,0.4171341061592102
STY_fig2c.xlsx,STY_fig2c,STY,65.00,time(h),-ln(1-conversion),14.883829258652813,0.41919204592704773
STY_fig2c.xlsx,STY_fig2c,STY,65.00,time(h),-ln(1-conversion),14.9641465755745,0.4212270677089691
STY_fig2c.xlsx,STY_fig2c,STY,65.00,time(h),-ln(1-conversion),15.044463892496188,0.4232385754585266
STY_fig2c.xlsx,STY_fig2c,STY,65.00,time(h),-ln(1-conversion),15.124781209417876,0.4252261221408844
STY_fig2c.xlsx,STY_fig2c,STY,65.00,time(h),-ln(1-conversion),15.205098526339562,0.4271891415119171
STY_fig2c.xlsx,STY_fig2c,STY,65.00,time(h),-ln(1-conversion),15.285415843261248,0.4291272759437561
STY_fig2c.xlsx,STY_fig2c,STY,65.00,time(h),-ln(1-conversion),15.365733160182936,0.43104004859924316
STY_fig2c.xlsx,STY_fig2c,STY,65.00,time(h),-ln(1-conversion),15.446050477104624,0.4329272508621216
STY_fig2c.xlsx,STY_fig2c,STY,65.00,time(h),-ln(1-conversion),15.52636779402631,0.4347883462905884
STY_fig2c.xlsx,STY_fig2c,STY,65.00,time(h),-ln(1-conversion),15.606685110947996,0.436623215675354
STY_fig2c.xlsx,STY_fig2c,STY,65.00,time(h),-ln(1-conversion),15.687002427869684,0.43843162059783936
STY_fig2c.xlsx,STY_fig2c,STY,65.00,time(h),-ln(1-conversion),15.767319744791372,0.44021326303482056
STY_fig2c.xlsx,STY_fig2c,STY,65.00,time(h),-ln(1-conversion),15.847637061713058,0.44196808338165283
STY_fig2c.xlsx,STY_fig2c,STY,65.00,time(h),-ln(1-conversion),15.927954378634745,0.44369587302207947
STY_fig2c.xlsx,STY_fig2c,STY,65.00,time(h),-ln(1-conversion),16.008271695556434,0.4453965425491333
STY_fig2c.xlsx,STY_fig2c,STY,65.00,time(h),-ln(1-conversion),16.08858901247812,0.44707000255584717
STY_fig2c.xlsx,STY_fig2c,STY,65.00,time(h),-ln(1-conversion),16.168906329399807,0.44871628284454346
STY_fig2c.xlsx,STY_fig2c,STY,65.00,time(h),-ln(1-conversion),16.249223646321493,0.4503352642059326
STY_fig2c.xlsx,STY_fig2c,STY,65.00,time(h),-ln(1-conversion),16.329540963243183,0.4519270658493042
STY_fig2c.xlsx,STY_fig2c,STY,65.00,time(h),-ln(1-conversion),16.40985828016487,0.453491747379303
STY_fig2c.xlsx,STY_fig2c,STY,65.00,time(h),-ln(1-conversion),16.490175597086555,0.4550292491912842
STY_fig2c.xlsx,STY_fig2c,STY,65.00,time(h),-ln(1-conversion),16.57049291400824,0.4565398097038269
STY_fig2c.xlsx,STY_fig2c,STY,65.00,time(h),-ln(1-conversion),16.65081023092993,0.45802342891693115
STY_fig2c.xlsx,STY_fig2c,STY,65.00,time(h),-ln(1-conversion),16.731127547851617,0.4594804048538208
STY_fig2c.xlsx,STY_fig2c,STY,65.00,time(h),-ln(1-conversion),16.811444864773303,0.46091073751449585
STY_fig2c.xlsx,STY_fig2c,STY,65.00,time(h),-ln(1-conversion),16.89176218169499,0.4623146951198578
STY_fig2c.xlsx,STY_fig2c,STY,65.00,time(h),-ln(1-conversion),16.97207949861668,0.46369242668151855
STY_fig2c.xlsx,STY_fig2c,STY,65.00,time(h),-ln(1-conversion),17.052396815538366,0.46504420042037964
STY_fig2c.xlsx,STY_fig2c,STY,65.00,time(h),-ln(1-conversion),17.132714132460052,0.46637019515037537
STY_fig2c.xlsx,STY_fig2c,STY,65.00,time(h),-ln(1-conversion),17.213031449381738,0.467670738697052
STY_fig2c.xlsx,STY_fig2c,STY,65.00,time(h),-ln(1-conversion),17.293348766303428,0.4689459502696991
STY_fig2c.xlsx,STY_fig2c,STY,65.00,time(h),-ln(1-conversion),17.373666083225114,0.4701962471008301
STY_fig2c.xlsx,STY_fig2c,STY,65.00,time(h),-ln(1-conversion),17.4539834001468,0.4714217782020569
STY_fig2c.xlsx,STY_fig2c,STY,65.00,time(h),-ln(1-conversion),17.534300717068486,0.47262293100357056
STY_fig2c.xlsx,STY_fig2c,STY,65.00,time(h),-ln(1-conversion),17.614618033990176,0.47380000352859497
STY_fig2c.xlsx,STY_fig2c,STY,65.00,time(h),-ln(1-conversion),17.694935350911862,0.47495320439338684
STY_fig2c.xlsx,STY_fig2c,STY,65.00,time(h),-ln(1-conversion),17.77525266783355,0.476082980632782
STY_fig2c.xlsx,STY_fig2c,STY,65.00,time(h),-ln(1-conversion),17.855569984755235,0.4771895706653595
STY_fig2c.xlsx,STY_fig2c,STY,65.00,time(h),-ln(1-conversion),17.935887301676924,0.47827333211898804
STY_fig2c.xlsx,STY_fig2c,STY,65.00,time(h),-ln(1-conversion),18.01620461859861,0.47933459281921387
STY_fig2c.xlsx,STY_fig2c,STY,65.00,time(h),-ln(1-conversion),18.096521935520297,0.4803736209869385
STY_fig2c.xlsx,STY_fig2c,STY,65.00,time(h),-ln(1-conversion),18.176839252441983,0.4813908338546753
STY_fig2c.xlsx,STY_fig2c,STY,65.00,time(h),-ln(1-conversion),18.257156569363673,0.48238658905029297
STY_fig2c.xlsx,STY_fig2c,STY,65.00,time(h),-ln(1-conversion),18.33747388628536,0.483361154794693
STY_fig2c.xlsx,STY_fig2c,STY,65.00,time(h),-ln(1-conversion),18.417791203207045,0.4843149781227112
STY_fig2c.xlsx,STY_fig2c,STY,65.00,time(h),-ln(1-conversion),18.49810852012873,0.48524826765060425
STY_fig2c.xlsx,STY_fig2c,STY,65.00,time(h),-ln(1-conversion),18.57842583705042,0.4861615002155304
STY_fig2c.xlsx,STY_fig2c,STY,65.00,time(h),-ln(1-conversion),18.658743153972107,0.48705488443374634
STY_fig2c.xlsx,STY_fig2c,STY,65.00,time(h),-ln(1-conversion),18.739060470893794,0.48792892694473267
STY_fig2c.xlsx,STY_fig2c,STY,65.00,time(h),-ln(1-conversion),18.81937778781548,0.4887838065624237
STY_fig2c.xlsx,STY_fig2c,STY,65.00,time(h),-ln(1-conversion),18.89969510473717,0.4896199405193329
STY_fig2c.xlsx,STY_fig2c,STY,65.00,time(h),-ln(1-conversion),18.980012421658856,0.49043768644332886
STY_fig2c.xlsx,STY_fig2c,STY,65.00,time(h),-ln(1-conversion),19.060329738580542,0.4912373721599579
STY_fig2c.xlsx,STY_fig2c,STY,65.00,time(h),-ln(1-conversion),19.140647055502228,0.49201932549476624
STY_fig2c.xlsx,STY_fig2c,STY,65.00,time(h),-ln(1-conversion),19.220964372423918,0.4927838444709778
STY_fig2c.xlsx,STY_fig2c,STY,65.00,time(h),-ln(1-conversion),19.301281689345604,0.4935312867164612
STY_fig2c.xlsx,STY_fig2c,STY,65.00,time(h),-ln(1-conversion),19.38159900626729,0.4942619800567627
STY_fig2c.xlsx,STY_fig2c,STY,65.00,time(h),-ln(1-conversion),19.461916323188976,0.4949762225151062
STY_fig2c.xlsx,STY_fig2c,STY,65.00,time(h),-ln(1-conversion),19.542233640110666,0.49567437171936035
STY_fig2c.xlsx,STY_fig2c,STY,65.00,time(h),-ln(1-conversion),19.622550957032352,0.496356725692749
STY_fig2c.xlsx,STY_fig2c,STY,65.00,time(h),-ln(1-conversion),19.70286827395404,0.4970235824584961
STY_fig2c.xlsx,STY_fig2c,STY,65.00,time(h),-ln(1-conversion),19.783185590875725,0.49767524003982544
STY_fig2c.xlsx,STY_fig2c,STY,65.00,time(h),-ln(1-conversion),19.863502907797415,0.49831199645996094
STY_fig2c.xlsx,STY_fig2c,STY,65.00,time(h),-ln(1-conversion),19.9438202247191,0.49893417954444885
STY_fig2c.xlsx,STY_fig2c,STY,75.00,time(h),-ln(1-conversion),0.0,0.018123984336853027
STY_fig2c.xlsx,STY_fig2c,STY,75.00,time(h),-ln(1-conversion),0.0752357292078367,0.021505922079086304
STY_fig2c.xlsx,STY_fig2c,STY,75.00,time(h),-ln(1-conversion),0.1504714584156734,0.02496054768562317
STY_fig2c.xlsx,STY_fig2c,STY,75.00,time(h),-ln(1-conversion),0.22570718762351008,0.028486669063568115
STY_fig2c.xlsx,STY_fig2c,STY,75.00,time(h),-ln(1-conversion),0.3009429168313468,0.032082974910736084
STY_fig2c.xlsx,STY_fig2c,STY,75.00,time(h),-ln(1-conversion),0.3761786460391835,0.03574782609939575
STY_fig2c.xlsx,STY_fig2c,STY,75.00,time(h),-ln(1-conversion),0.45141437524702016,0.03947943449020386
STY_fig2c.xlsx,STY_fig2c,STY,75.00,time(h),-ln(1-conversion),0.5266501044548568,0.043275654315948486
STY_fig2c.xlsx,STY_fig2c,STY,75.00,time(h),-ln(1-conversion),0.6018858336626935,0.04713410139083862
STY_fig2c.xlsx,STY_fig2c,STY,75.00,time(h),-ln(1-conversion),0.6771215628705303,0.05105218291282654
STY_fig2c.xlsx,STY_fig2c,STY,75.00,time(h),-ln(1-conversion),0.752357292078367,0.05502718687057495
STY_fig2c.xlsx,STY_fig2c,STY,75.00,time(h),-ln(1-conversion),0.8275930212862036,0.05905584990978241
STY_fig2c.xlsx,STY_fig2c,STY,75.00,time(h),-ln(1-conversion),0.9028287504940403,0.06313499808311462
STY_fig2c.xlsx,STY_fig2c,STY,75.00,time(h),-ln(1-conversion),0.978064479701877,0.06726095080375671
STY_fig2c.xlsx,STY_fig2c,STY,75.00,time(h),-ln(1-conversion),1.0533002089097137,0.07143005728721619
STY_fig2c.xlsx,STY_fig2c,STY,75.00,time(h),-ln(1-conversion),1.1285359381175504,0.07563839852809906
STY_fig2c.xlsx,STY_fig2c,STY,75.00,time(h),-ln(1-conversion),1.203771667325387,0.07988180220127106
STY_fig2c.xlsx,STY_fig2c,STY,75.00,time(h),-ln(1-conversion),1.2790073965332238,0.08415606617927551
STY_fig2c.xlsx,STY_fig2c,STY,75.00,time(h),-ln(1-conversion),1.3542431257410605,0.08845672011375427
STY_fig2c.xlsx,STY_fig2c,STY,75.00,time(h),-ln(1-conversion),1.4294788549488973,0.09277920424938202
STY_fig2c.xlsx,STY_fig2c,STY,75.00,time(h),-ln(1-conversion),1.504714584156734,0.09711909294128418
STY_fig2c.xlsx,STY_fig2c,STY,75.00,time(h),-ln(1-conversion),1.5799503133645705,0.10147146880626678
STY_fig2c.xlsx,STY_fig2c,STY,75.00,time(h),-ln(1-conversion),1.6551860425724072,0.10583171248435974
STY_fig2c.xlsx,STY_fig2c,STY,75.00,time(h),-ln(1-conversion),1.730421771780244,0.11019515991210938
STY_fig2c.xlsx,STY_fig2c,STY,75.00,time(h),-ln(1-conversion),1.8056575009880806,0.11455698311328888
STY_fig2c.xlsx,STY_fig2c,STY,75.00,time(h),-ln(1-conversion),1.8808932301959174,0.11891253292560577
STY_fig2c.xlsx,STY_fig2c,STY,75.00,time(h),-ln(1-conversion),1.956128959403754,0.12325724959373474
STY_fig2c.xlsx,STY_fig2c,STY,75.00,time(h),-ln(1-conversion),2.031364688611591,0.1275864690542221
STY_fig2c.xlsx,STY_fig2c,STY,75.00,time(h),-ln(1-conversion),2.1066004178194273,0.1318960040807724
STY_fig2c.xlsx,STY_fig2c,STY,75.00,time(h),-ln(1-conversion),2.1818361470272642,0.13618135452270508
STY_fig2c.xlsx,STY_fig2c,STY,75.00,time(h),-ln(1-conversion),2.2570718762351007,0.140438511967659
STY_fig2c.xlsx,STY_fig2c,STY,75.00,time(h),-ln(1-conversion),2.3323076054429377,0.14466357231140137
STY_fig2c.xlsx,STY_fig2c,STY,75.00,time(h),-ln(1-conversion),2.407543334650774,0.14885278046131134
STY_fig2c.xlsx,STY_fig2c,STY,75.00,time(h),-ln(1-conversion),2.4827790638586107,0.15300270915031433
STY_fig2c.xlsx,STY_fig2c,STY,75.00,time(h),-ln(1-conversion),2.5580147930664476,0.15710993111133575
STY_fig2c.xlsx,STY_fig2c,STY,75.00,time(h),-ln(1-conversion),2.633250522274284,0.1611715704202652
STY_fig2c.xlsx,STY_fig2c,STY,75.00,time(h),-ln(1-conversion),2.708486251482121,0.16518482565879822
STY_fig2c.xlsx,STY_fig2c,STY,75.00,time(h),-ln(1-conversion),2.7837219806899576,0.16914711892604828
STY_fig2c.xlsx,STY_fig2c,STY,75.00,time(h),-ln(1-conversion),2.8589577098977945,0.17305631935596466
STY_fig2c.xlsx,STY_fig2c,STY,75.00,time(h),-ln(1-conversion),2.934193439105631,0.17691034078598022
STY_fig2c.xlsx,STY_fig2c,STY,75.00,time(h),-ln(1-conversion),3.009429168313468,0.18070757389068604
STY_fig2c.xlsx,STY_fig2c,STY,75.00,time(h),-ln(1-conversion),3.0846648975213045,0.1844465285539627
STY_fig2c.xlsx,STY_fig2c,STY,75.00,time(h),-ln(1-conversion),3.159900626729141,0.18812616169452667
STY_fig2c.xlsx,STY_fig2c,STY,75.00,time(h),-ln(1-conversion),3.235136355936978,0.19174540042877197
STY_fig2c.xlsx,STY_fig2c,STY,75.00,time(h),-ln(1-conversion),3.3103720851448144,0.19530373811721802
STY_fig2c.xlsx,STY_fig2c,STY,75.00,time(h),-ln(1-conversion),3.3856078143526513,0.1988007128238678
STY_fig2c.xlsx,STY_fig2c,STY,75.00,time(h),-ln(1-conversion),3.460843543560488,0.20223622024059296
STY_fig2c.xlsx,STY_fig2c,STY,75.00,time(h),-ln(1-conversion),3.536079272768325,0.2056102156639099
STY_fig2c.xlsx,STY_fig2c,STY,75.00,time(h),-ln(1-conversion),3.6113150019761613,0.2089231014251709
STY_fig2c.xlsx,STY_fig2c,STY,75.00,time(h),-ln(1-conversion),3.686550731183998,0.21217533946037292
STY_fig2c.xlsx,STY_fig2c,STY,75.00,time(h),-ln(1-conversion),3.7617864603918347,0.21536749601364136
STY_fig2c.xlsx,STY_fig2c,STY,75.00,time(h),-ln(1-conversion),3.8370221895996712,0.21850061416625977
STY_fig2c.xlsx,STY_fig2c,STY,75.00,time(h),-ln(1-conversion),3.912257918807508,0.221575528383255
STY_fig2c.xlsx,STY_fig2c,STY,75.00,time(h),-ln(1-conversion),3.9874936480153447,0.22459347546100616
STY_fig2c.xlsx,STY_fig2c,STY,75.00,time(h),-ln(1-conversion),4.062729377223182,0.22755581140518188
STY_fig2c.xlsx,STY_fig2c,STY,75.00,time(h),-ln(1-conversion),4.137965106431018,0.23046384751796722
STY_fig2c.xlsx,STY_fig2c,STY,75.00,time(h),-ln(1-conversion),4.213200835638855,0.2333192378282547
STY_fig2c.xlsx,STY_fig2c,STY,75.00,time(h),-ln(1-conversion),4.288436564846691,0.23612350225448608
STY_fig2c.xlsx,STY_fig2c,STY,75.00,time(h),-ln(1-conversion),4.3636722940545285,0.23887842893600464
STY_fig2c.xlsx,STY_fig2c,STY,75.00,time(h),-ln(1-conversion),4.438908023262365,0.24158579111099243
STY_fig2c.xlsx,STY_fig2c,STY,75.00,time(h),-ln(1-conversion),4.5141437524702015,0.2442474365234375
STY_fig2c.xlsx,STY_fig2c,STY,75.00,time(h),-ln(1-conversion),4.589379481678038,0.24686525762081146
STY_fig2c.xlsx,STY_fig2c,STY,75.00,time(h),-ln(1-conversion),4.664615210885875,0.24944117665290833
STY_fig2c.xlsx,STY_fig2c,STY,75.00,time(h),-ln(1-conversion),4.739850940093712,0.25197720527648926
STY_fig2c.xlsx,STY_fig2c,STY,75.00,time(h),-ln(1-conversion),4.815086669301548,0.25447535514831543
STY_fig2c.xlsx,STY_fig2c,STY,75.00,time(h),-ln(1-conversion),4.890322398509385,0.25693753361701965
STY_fig2c.xlsx,STY_fig2c,STY,75.00,time(h),-ln(1-conversion),4.965558127717221,0.25936588644981384
STY_fig2c.xlsx,STY_fig2c,STY,75.00,time(h),-ln(1-conversion),5.040793856925059,0.2617623209953308
STY_fig2c.xlsx,STY_fig2c,STY,75.00,time(h),-ln(1-conversion),5.116029586132895,0.2641288936138153
STY_fig2c.xlsx,STY_fig2c,STY,75.00,time(h),-ln(1-conversion),5.191265315340732,0.2664676010608673
STY_fig2c.xlsx,STY_fig2c,STY,75.00,time(h),-ln(1-conversion),5.266501044548568,0.268780380487442
STY_fig2c.xlsx,STY_fig2c,STY,75.00,time(h),-ln(1-conversion),5.341736773756406,0.271069198846817
STY_fig2c.xlsx,STY_fig2c,STY,75.00,time(h),-ln(1-conversion),5.416972502964242,0.2733360230922699
STY_fig2c.xlsx,STY_fig2c,STY,75.00,time(h),-ln(1-conversion),5.492208232172079,0.2755826413631439
STY_fig2c.xlsx,STY_fig2c,STY,75.00,time(h),-ln(1-conversion),5.567443961379915,0.2778110206127167
STY_fig2c.xlsx,STY_fig2c,STY,75.00,time(h),-ln(1-conversion),5.642679690587752,0.28002288937568665
STY_fig2c.xlsx,STY_fig2c,STY,75.00,time(h),-ln(1-conversion),5.717915419795589,0.2822200655937195
STY_fig2c.xlsx,STY_fig2c,STY,75.00,time(h),-ln(1-conversion),5.7931511490034255,0.28440427780151367
STY_fig2c.xlsx,STY_fig2c,STY,75.00,time(h),-ln(1-conversion),5.868386878211262,0.28657716512680054
STY_fig2c.xlsx,STY_fig2c,STY,75.00,time(h),-ln(1-conversion),5.9436226074190985,0.28874048590660095
STY_fig2c.xlsx,STY_fig2c,STY,75.00,time(h),-ln(1-conversion),6.018858336626936,0.2908957004547119
STY_fig2c.xlsx,STY_fig2c,STY,75.00,time(h),-ln(1-conversion),6.094094065834772,0.29304441809654236
STY_fig2c.xlsx,STY_fig2c,STY,75.00,time(h),-ln(1-conversion),6.169329795042609,0.2951880693435669
STY_fig2c.xlsx,STY_fig2c,STY,75.00,time(h),-ln(1-conversion),6.244565524250445,0.2973281443119049
STY_fig2c.xlsx,STY_fig2c,STY,75.00,time(h),-ln(1-conversion),6.319801253458282,0.29946598410606384
STY_fig2c.xlsx,STY_fig2c,STY,75.00,time(h),-ln(1-conversion),6.395036982666119,0.30160295963287354
STY_fig2c.xlsx,STY_fig2c,STY,75.00,time(h),-ln(1-conversion),6.470272711873956,0.3037402927875519
STY_fig2c.xlsx,STY_fig2c,STY,75.00,time(h),-ln(1-conversion),6.545508441081792,0.30587923526763916
STY_fig2c.xlsx,STY_fig2c,STY,75.00,time(h),-ln(1-conversion),6.620744170289629,0.3080209493637085
STY_fig2c.xlsx,STY_fig2c,STY,75.00,time(h),-ln(1-conversion),6.695979899497465,0.31016647815704346
STY_fig2c.xlsx,STY_fig2c,STY,75.00,time(h),-ln(1-conversion),6.771215628705303,0.3123169541358948
STY_fig2c.xlsx,STY_fig2c,STY,75.00,time(h),-ln(1-conversion),6.846451357913139,0.31447333097457886
STY_fig2c.xlsx,STY_fig2c,STY,75.00,time(h),-ln(1-conversion),6.921687087120976,0.3166365623474121
STY_fig2c.xlsx,STY_fig2c,STY,75.00,time(h),-ln(1-conversion),6.996922816328812,0.3188075125217438
STY_fig2c.xlsx,STY_fig2c,STY,75.00,time(h),-ln(1-conversion),7.07215854553665,0.32098695635795593
STY_fig2c.xlsx,STY_fig2c,STY,75.00,time(h),-ln(1-conversion),7.147394274744486,0.32317572832107544
STY_fig2c.xlsx,STY_fig2c,STY,75.00,time(h),-ln(1-conversion),7.222630003952323,0.32537445425987244
STY_fig2c.xlsx,STY_fig2c,STY,75.00,time(h),-ln(1-conversion),7.297865733160159,0.327583909034729
STY_fig2c.xlsx,STY_fig2c,STY,75.00,time(h),-ln(1-conversion),7.373101462367996,0.32980450987815857
STY_fig2c.xlsx,STY_fig2c,STY,75.00,time(h),-ln(1-conversion),7.448337191575833,0.33203694224357605
STY_fig2c.xlsx,STY_fig2c,STY,75.00,time(h),-ln(1-conversion),7.5235729207836695,0.3342815935611725
STY_fig2c.xlsx,STY_fig2c,STY,75.00,time(h),-ln(1-conversion),7.598808649991506,0.3365389108657837
STY_fig2c.xlsx,STY_fig2c,STY,75.00,time(h),-ln(1-conversion),7.6740443791993425,0.3388092517852783
STY_fig2c.xlsx,STY_fig2c,STY,75.00,time(h),-ln(1-conversion),7.74928010840718,0.34109291434288025
STY_fig2c.xlsx,STY_fig2c,STY,75.00,time(h),-ln(1-conversion),7.824515837615016,0.3433901071548462
STY_fig2c.xlsx,STY_fig2c,STY,75.00,time(h),-ln(1-conversion),7.899751566822853,0.34570109844207764
STY_fig2c.xlsx,STY_fig2c,STY,75.00,time(h),-ln(1-conversion),7.974987296030689,0.348025918006897
STY_fig2c.xlsx,STY_fig2c,STY,75.00,time(h),-ln(1-conversion),8.050223025238527,0.35036468505859375
STY_fig2c.xlsx,STY_fig2c,STY,75.00,time(h),-ln(1-conversion),8.125458754446363,0.35271739959716797
STY_fig2c.xlsx,STY_fig2c,STY,75.00,time(h),-ln(1-conversion),8.2006944836542,0.35508403182029724
STY_fig2c.xlsx,STY_fig2c,STY,75.00,time(h),-ln(1-conversion),8.275930212862036,0.3574644923210144
STY_fig2c.xlsx,STY_fig2c,STY,75.00,time(h),-ln(1-conversion),8.351165942069873,0.35985860228538513
STY_fig2c.xlsx,STY_fig2c,STY,75.00,time(h),-ln(1-conversion),8.42640167127771,0.3622661530971527
STY_fig2c.xlsx,STY_fig2c,STY,75.00,time(h),-ln(1-conversion),8.501637400485546,0.36468687653541565
STY_fig2c.xlsx,STY_fig2c,STY,75.00,time(h),-ln(1-conversion),8.576873129693382,0.36712050437927246
STY_fig2c.xlsx,STY_fig2c,STY,75.00,time(h),-ln(1-conversion),8.65210885890122,0.36956658959388733
STY_fig2c.xlsx,STY_fig2c,STY,75.00,time(h),-ln(1-conversion),8.727344588109057,0.3720247745513916
STY_fig2c.xlsx,STY_fig2c,STY,75.00,time(h),-ln(1-conversion),8.802580317316893,0.3744945526123047
STY_fig2c.xlsx,STY_fig2c,STY,75.00,time(h),-ln(1-conversion),8.87781604652473,0.3769754469394684
STY_fig2c.xlsx,STY_fig2c,STY,75.00,time(h),-ln(1-conversion),8.953051775732566,0.37946680188179016
STY_fig2c.xlsx,STY_fig2c,STY,75.00,time(h),-ln(1-conversion),9.028287504940403,0.3819681406021118
STY_fig2c.xlsx,STY_fig2c,STY,75.00,time(h),-ln(1-conversion),9.10352323414824,0.3844786286354065
STY_fig2c.xlsx,STY_fig2c,STY,75.00,time(h),-ln(1-conversion),9.178758963356076,0.38699769973754883
STY_fig2c.xlsx,STY_fig2c,STY,75.00,time(h),-ln(1-conversion),9.253994692563912,0.3895246088504791
STY_fig2c.xlsx,STY_fig2c,STY,75.00,time(h),-ln(1-conversion),9.32923042177175,0.3920585513114929
STY_fig2c.xlsx,STY_fig2c,STY,75.00,time(h),-ln(1-conversion),9.404466150979587,0.3945986330509186
STY_fig2c.xlsx,STY_fig2c,STY,75.00,time(h),-ln(1-conversion),9.479701880187424,0.3971441388130188
STY_fig2c.xlsx,STY_fig2c,STY,75.00,time(h),-ln(1-conversion),9.55493760939526,0.3996940851211548
STY_fig2c.xlsx,STY_fig2c,STY,75.00,time(h),-ln(1-conversion),9.630173338603097,0.40224769711494446
STY_fig2c.xlsx,STY_fig2c,STY,75.00,time(h),-ln(1-conversion),9.705409067810933,0.4048038423061371
STY_fig2c.xlsx,STY_fig2c,STY,75.00,time(h),-ln(1-conversion),9.78064479701877,0.4073616862297058
STY_fig2c.xlsx,STY_fig2c,STY,75.00,time(h),-ln(1-conversion),9.855880526226606,0.40992021560668945
STY_fig2c.xlsx,STY_fig2c,STY,75.00,time(h),-ln(1-conversion),9.931116255434443,0.4124784469604492
STY_fig2c.xlsx,STY_fig2c,STY,75.00,time(h),-ln(1-conversion),10.006351984642281,0.4150353670120239
STY_fig2c.xlsx,STY_fig2c,STY,75.00,time(h),-ln(1-conversion),10.081587713850118,0.41758987307548523
STY_fig2c.xlsx,STY_fig2c,STY,75.00,time(h),-ln(1-conversion),10.156823443057954,0.42014098167419434
STY_fig2c.xlsx,STY_fig2c,STY,75.00,time(h),-ln(1-conversion),10.23205917226579,0.42268770933151245
STY_fig2c.xlsx,STY_fig2c,STY,75.00,time(h),-ln(1-conversion),10.307294901473627,0.42522886395454407
STY_fig2c.xlsx,STY_fig2c,STY,75.00,time(h),-ln(1-conversion),10.382530630681464,0.4277634620666504
STY_fig2c.xlsx,STY_fig2c,STY,75.00,time(h),-ln(1-conversion),10.4577663598893,0.43029049038887024
STY_fig2c.xlsx,STY_fig2c,STY,75.00,time(h),-ln(1-conversion),10.533002089097137,0.43280887603759766
STY_fig2c.xlsx,STY_fig2c,STY,75.00,time(h),-ln(1-conversion),10.608237818304973,0.4353175759315491
STY_fig2c.xlsx,STY_fig2c,STY,75.00,time(h),-ln(1-conversion),10.683473547512811,0.43781548738479614
STY_fig2c.xlsx,STY_fig2c,STY,75.00,time(h),-ln(1-conversion),10.758709276720648,0.44030165672302246
STY_fig2c.xlsx,STY_fig2c,STY,75.00,time(h),-ln(1-conversion),10.833945005928484,0.442775160074234
STY_fig2c.xlsx,STY_fig2c,STY,75.00,time(h),-ln(1-conversion),10.90918073513632,0.44523489475250244
STY_fig2c.xlsx,STY_fig2c,STY,75.00,time(h),-ln(1-conversion),10.984416464344157,0.44767993688583374
STY_fig2c.xlsx,STY_fig2c,STY,75.00,time(h),-ln(1-conversion),11.059652193551994,0.4501093327999115
STY_fig2c.xlsx,STY_fig2c,STY,75.00,time(h),-ln(1-conversion),11.13488792275983,0.4525221586227417
STY_fig2c.xlsx,STY_fig2c,STY,75.00,time(h),-ln(1-conversion),11.210123651967667,0.4549176096916199
STY_fig2c.xlsx,STY_fig2c,STY,75.00,time(h),-ln(1-conversion),11.285359381175503,0.45729464292526245
STY_fig2c.xlsx,STY_fig2c,STY,75.00,time(h),-ln(1-conversion),11.360595110383342,0.45965254306793213
STY_fig2c.xlsx,STY_fig2c,STY,75.00,time(h),-ln(1-conversion),11.435830839591178,0.4619905352592468
STY_fig2c.xlsx,STY_fig2c,STY,75.00,time(h),-ln(1-conversion),11.511066568799015,0.4643077850341797
STY_fig2c.xlsx,STY_fig2c,STY,75.00,time(h),-ln(1-conversion),11.586302298006851,0.46660351753234863
STY_fig2c.xlsx,STY_fig2c,STY,75.00,time(h),-ln(1-conversion),11.661538027214688,0.4688771069049835
STY_fig2c.xlsx,STY_fig2c,STY,75.00,time(h),-ln(1-conversion),11.736773756422524,0.47112786769866943
STY_fig2c.xlsx,STY_fig2c,STY,75.00,time(h),-ln(1-conversion),11.81200948563036,0.47335511445999146
STY_fig2c.xlsx,STY_fig2c,STY,75.00,time(h),-ln(1-conversion),11.887245214838197,0.4755582809448242
STY_fig2c.xlsx,STY_fig2c,STY,75.00,time(h),-ln(1-conversion),11.962480944046034,0.47773683071136475
STY_fig2c.xlsx,STY_fig2c,STY,75.00,time(h),-ln(1-conversion),12.037716673253872,0.47989022731781006
STY_fig2c.xlsx,STY_fig2c,STY,75.00,time(h),-ln(1-conversion),12.112952402461708,0.48201799392700195
STY_fig2c.xlsx,STY_fig2c,STY,75.00,time(h),-ln(1-conversion),12.188188131669545,0.484119713306427
STY_fig2c.xlsx,STY_fig2c,STY,75.00,time(h),-ln(1-conversion),12.263423860877381,0.486194908618927
STY_fig2c.xlsx,STY_fig2c,STY,75.00,time(h),-ln(1-conversion),12.338659590085218,0.4882432222366333
STY_fig2c.xlsx,STY_fig2c,STY,75.00,time(h),-ln(1-conversion),12.413895319293054,0.4902644157409668
STY_fig2c.xlsx,STY_fig2c,STY,75.00,time(h),-ln(1-conversion),12.48913104850089,0.49225807189941406
STY_fig2c.xlsx,STY_fig2c,STY,75.00,time(h),-ln(1-conversion),12.564366777708727,0.49422401189804077
STY_fig2c.xlsx,STY_fig2c,STY,75.00,time(h),-ln(1-conversion),12.639602506916564,0.49616193771362305
STY_fig2c.xlsx,STY_fig2c,STY,75.00,time(h),-ln(1-conversion),12.7148382361244,0.49807170033454895
STY_fig2c.xlsx,STY_fig2c,STY,75.00,time(h),-ln(1-conversion),12.790073965332239,0.4999532103538513
STY_fig2c.xlsx,STY_fig2c,STY,75.00,time(h),-ln(1-conversion),12.865309694540075,0.5018061995506287
STY_fig2c.xlsx,STY_fig2c,STY,75.00,time(h),-ln(1-conversion),12.940545423747912,0.5036306977272034
STY_fig2c.xlsx,STY_fig2c,STY,75.00,time(h),-ln(1-conversion),13.015781152955748,0.5054266452789307
STY_fig2c.xlsx,STY_fig2c,STY,75.00,time(h),-ln(1-conversion),13.091016882163585,0.507193922996521
STY_fig2c.xlsx,STY_fig2c,STY,75.00,time(h),-ln(1-conversion),13.166252611371421,0.5089325904846191
STY_fig2c.xlsx,STY_fig2c,STY,75.00,time(h),-ln(1-conversion),13.241488340579258,0.5106427073478699
STY_fig2c.xlsx,STY_fig2c,STY,75.00,time(h),-ln(1-conversion),13.316724069787094,0.5123242735862732
STY_fig2c.xlsx,STY_fig2c,STY,75.00,time(h),-ln(1-conversion),13.39195979899493,0.5139773488044739
STY_fig2c.xlsx,STY_fig2c,STY,75.00,time(h),-ln(1-conversion),13.467195528202769,0.5156021118164062
STY_fig2c.xlsx,STY_fig2c,STY,75.00,time(h),-ln(1-conversion),13.542431257410605,0.5171986222267151
STY_fig2c.xlsx,STY_fig2c,STY,75.00,time(h),-ln(1-conversion),13.617666986618442,0.5187671184539795
STY_fig2c.xlsx,STY_fig2c,STY,75.00,time(h),-ln(1-conversion),13.692902715826278,0.5203076601028442
STY_fig2c.xlsx,STY_fig2c,STY,75.00,time(h),-ln(1-conversion),13.768138445034115,0.5218204855918884
STY_fig2c.xlsx,STY_fig2c,STY,75.00,time(h),-ln(1-conversion),13.843374174241951,0.5233057737350464
STY_fig2c.xlsx,STY_fig2c,STY,75.00,time(h),-ln(1-conversion),13.918609903449788,0.524763822555542
STY_fig2c.xlsx,STY_fig2c,STY,75.00,time(h),-ln(1-conversion),13.993845632657624,0.5261948108673096
STY_fig2c.xlsx,STY_fig2c,STY,75.00,time(h),-ln(1-conversion),14.06908136186546,0.5275989770889282
STY_fig2c.xlsx,STY_fig2c,STY,75.00,time(h),-ln(1-conversion),14.1443170910733,0.5289767384529114
STY_fig2c.xlsx,STY_fig2c,STY,75.00,time(h),-ln(1-conversion),14.219552820281136,0.5303281545639038
STY_fig2c.xlsx,STY_fig2c,STY,75.00,time(h),-ln(1-conversion),14.294788549488972,0.5316537022590637
STY_fig2c.xlsx,STY_fig2c,STY,75.00,time(h),-ln(1-conversion),14.370024278696809,0.5329535603523254
STY_fig2c.xlsx,STY_fig2c,STY,75.00,time(h),-ln(1-conversion),14.445260007904645,0.5342281460762024
STY_fig2c.xlsx,STY_fig2c,STY,75.00,time(h),-ln(1-conversion),14.520495737112482,0.5354776978492737
STY_fig2c.xlsx,STY_fig2c,STY,75.00,time(h),-ln(1-conversion),14.595731466320318,0.536702573299408
STY_fig2c.xlsx,STY_fig2c,STY,75.00,time(h),-ln(1-conversion),14.670967195528155,0.5379031300544739
STY_fig2c.xlsx,STY_fig2c,STY,75.00,time(h),-ln(1-conversion),14.746202924735991,0.5390797257423401
STY_fig2c.xlsx,STY_fig2c,STY,75.00,time(h),-ln(1-conversion),14.82143865394383,0.5402326583862305
STY_fig2c.xlsx,STY_fig2c,STY,75.00,time(h),-ln(1-conversion),14.896674383151666,0.5413622856140137
STY_fig2c.xlsx,STY_fig2c,STY,75.00,time(h),-ln(1-conversion),14.9719101123595,0.5424689650535583
