source_file,source_stem,system,Temp (degree Celsius),x_label,y_label,t_res,-ln(1-conversion) (actual)
STY_fig1b.xlsx,STY_fig1b,STY,50.00,t_res,-ln(1-conversion),0.990675990675991,0.012711422517895699
STY_fig1b.xlsx,STY_fig1b,STY,50.00,t_res,-ln(1-conversion),1.010764779609001,0.012763533741235733
STY_fig1b.xlsx,STY_fig1b,STY,50.00,t_res,-ln(1-conversion),1.030853568542011,0.012816032394766808
STY_fig1b.xlsx,STY_fig1b,STY,50.00,t_res,-ln(1-conversion),1.050942357475021,0.012868914753198624
STY_fig1b.xlsx,STY_fig1b,STY,50.00,t_res,-ln(1-conversion),1.0710311464080309,0.01292218454182148
STY_fig1b.xlsx,STY_fig1b,STY,50.00,t_res,-ln(1-conversion),1.091119935341041,0.012975836172699928
STY_fig1b.xlsx,STY_fig1b,STY,50.00,t_res,-ln(1-conversion),1.111208724274051,0.013029873371124268
STY_fig1b.xlsx,STY_fig1b,STY,50.00,t_res,-ln(1-conversion),1.1312975132070608,0.013084296137094498
STY_fig1b.xlsx,STY_fig1b,STY,50.00,t_res,-ln(1-conversion),1.151386302140071,0.01313910260796547
STY_fig1b.xlsx,STY_fig1b,STY,50.00,t_res,-ln(1-conversion),1.171475091073081,0.013194289058446884
STY_fig1b.xlsx,STY_fig1b,STY,50.00,t_res,-ln(1-conversion),1.191563880006091,0.013249857351183891
STY_fig1b.xlsx,STY_fig1b,STY,50.00,t_res,-ln(1-conversion),1.211652668939101,0.01330580748617649
STY_fig1b.xlsx,STY_fig1b,STY,50.00,t_res,-ln(1-conversion),1.2317414578721109,0.013362132012844086
STY_fig1b.xlsx,STY_fig1b,STY,50.00,t_res,-ln(1-conversion),1.251830246805121,0.013418838381767273
STY_fig1b.xlsx,STY_fig1b,STY,50.00,t_res,-ln(1-conversion),1.271919035738131,0.013475917279720306
STY_fig1b.xlsx,STY_fig1b,STY,50.00,t_res,-ln(1-conversion),1.292007824671141,0.013533366844058037
STY_fig1b.xlsx,STY_fig1b,STY,50.00,t_res,-ln(1-conversion),1.312096613604151,0.013591187074780464
STY_fig1b.xlsx,STY_fig1b,STY,50.00,t_res,-ln(1-conversion),1.332185402537161,0.013649377971887589
STY_fig1b.xlsx,STY_fig1b,STY,50.00,t_res,-ln(1-conversion),1.3522741914701708,0.013707930222153664
STY_fig1b.xlsx,STY_fig1b,STY,50.00,t_res,-ln(1-conversion),1.372362980403181,0.013766845688223839
STY_fig1b.xlsx,STY_fig1b,STY,50.00,t_res,-ln(1-conversion),1.3924517693361909,0.013826124370098114
STY_fig1b.xlsx,STY_fig1b,STY,50.00,t_res,-ln(1-conversion),1.412540558269201,0.013885755091905594
STY_fig1b.xlsx,STY_fig1b,STY,50.00,t_res,-ln(1-conversion),1.432629347202211,0.013945741578936577
STY_fig1b.xlsx,STY_fig1b,STY,50.00,t_res,-ln(1-conversion),1.4527181361352208,0.01400607917457819
STY_fig1b.xlsx,STY_fig1b,STY,50.00,t_res,-ln(1-conversion),1.4728069250682307,0.01406676135957241
STY_fig1b.xlsx,STY_fig1b,STY,50.00,t_res,-ln(1-conversion),1.4928957140012409,0.01412778627127409
STY_fig1b.xlsx,STY_fig1b,STY,50.00,t_res,-ln(1-conversion),1.512984502934251,0.014189153909683228
STY_fig1b.xlsx,STY_fig1b,STY,50.00,t_res,-ln(1-conversion),1.533073291867261,0.014250856824219227
STY_fig1b.xlsx,STY_fig1b,STY,50.00,t_res,-ln(1-conversion),1.5531620808002709,0.01431288942694664
STY_fig1b.xlsx,STY_fig1b,STY,50.00,t_res,-ln(1-conversion),1.5732508697332808,0.014375251717865467
STY_fig1b.xlsx,STY_fig1b,STY,50.00,t_res,-ln(1-conversion),1.593339658666291,0.014437936246395111
STY_fig1b.xlsx,STY_fig1b,STY,50.00,t_res,-ln(1-conversion),1.6134284475993008,0.014500945806503296
STY_fig1b.xlsx,STY_fig1b,STY,50.00,t_res,-ln(1-conversion),1.633517236532311,0.014564267359673977
STY_fig1b.xlsx,STY_fig1b,STY,50.00,t_res,-ln(1-conversion),1.6536060254653209,0.014627902768552303
STY_fig1b.xlsx,STY_fig1b,STY,50.00,t_res,-ln(1-conversion),1.6736948143983308,0.014691849239170551
STY_fig1b.xlsx,STY_fig1b,STY,50.00,t_res,-ln(1-conversion),1.6937836033313407,0.014756097458302975
STY_fig1b.xlsx,STY_fig1b,STY,50.00,t_res,-ln(1-conversion),1.7138723922643508,0.014820649288594723
STY_fig1b.xlsx,STY_fig1b,STY,50.00,t_res,-ln(1-conversion),1.733961181197361,0.014885499142110348
STY_fig1b.xlsx,STY_fig1b,STY,50.00,t_res,-ln(1-conversion),1.754049970130371,0.014950644224882126
STY_fig1b.xlsx,STY_fig1b,STY,50.00,t_res,-ln(1-conversion),1.7741387590633808,0.01501607894897461
STY_fig1b.xlsx,STY_fig1b,STY,50.00,t_res,-ln(1-conversion),1.7942275479963907,0.015081803314387798
STY_fig1b.xlsx,STY_fig1b,STY,50.00,t_res,-ln(1-conversion),1.8143163369294006,0.01514781266450882
STY_fig1b.xlsx,STY_fig1b,STY,50.00,t_res,-ln(1-conversion),1.8344051258624108,0.015214106999337673
STY_fig1b.xlsx,STY_fig1b,STY,50.00,t_res,-ln(1-conversion),1.854493914795421,0.015280683524906635
STY_fig1b.xlsx,STY_fig1b,STY,50.00,t_res,-ln(1-conversion),1.8745827037284308,0.015347534790635109
STY_fig1b.xlsx,STY_fig1b,STY,50.00,t_res,-ln(1-conversion),1.8946714926614407,0.015414666384458542
STY_fig1b.xlsx,STY_fig1b,STY,50.00,t_res,-ln(1-conversion),1.9147602815944507,0.015482071787118912
STY_fig1b.xlsx,STY_fig1b,STY,50.00,t_res,-ln(1-conversion),1.9348490705274608,0.015549753792583942
STY_fig1b.xlsx,STY_fig1b,STY,50.00,t_res,-ln(1-conversion),1.9549378594604707,0.01561770960688591
STY_fig1b.xlsx,STY_fig1b,STY,50.00,t_res,-ln(1-conversion),1.9750266483934809,0.01568594202399254
STY_fig1b.xlsx,STY_fig1b,STY,50.00,t_res,-ln(1-conversion),1.9951154373264908,0.015754446387290955
STY_fig1b.xlsx,STY_fig1b,STY,50.00,t_res,-ln(1-conversion),2.0152042262595007,0.015823230147361755
STY_fig1b.xlsx,STY_fig1b,STY,50.00,t_res,-ln(1-conversion),2.0352930151925106,0.015892289578914642
STY_fig1b.xlsx,STY_fig1b,STY,50.00,t_res,-ln(1-conversion),2.0553818041255205,0.015961626544594765
STY_fig1b.xlsx,STY_fig1b,STY,50.00,t_res,-ln(1-conversion),2.0754705930585304,0.01603124663233757
STY_fig1b.xlsx,STY_fig1b,STY,50.00,t_res,-ln(1-conversion),2.095559381991541,0.016101153567433357
STY_fig1b.xlsx,STY_fig1b,STY,50.00,t_res,-ln(1-conversion),2.1156481709245507,0.016171349212527275
STY_fig1b.xlsx,STY_fig1b,STY,50.00,t_res,-ln(1-conversion),2.1357369598575606,0.016241837292909622
STY_fig1b.xlsx,STY_fig1b,STY,50.00,t_res,-ln(1-conversion),2.155825748790571,0.016312627121806145
STY_fig1b.xlsx,STY_fig1b,STY,50.00,t_res,-ln(1-conversion),2.175914537723581,0.016383720561861992
STY_fig1b.xlsx,STY_fig1b,STY,50.00,t_res,-ln(1-conversion),2.196003326656591,0.01645512506365776
STY_fig1b.xlsx,STY_fig1b,STY,50.00,t_res,-ln(1-conversion),2.2160921155896007,0.016526848077774048
STY_fig1b.xlsx,STY_fig1b,STY,50.00,t_res,-ln(1-conversion),2.2361809045226106,0.016598902642726898
STY_fig1b.xlsx,STY_fig1b,STY,50.00,t_res,-ln(1-conversion),2.2562696934556206,0.01667128875851631
STY_fig1b.xlsx,STY_fig1b,STY,50.00,t_res,-ln(1-conversion),2.2763584823886305,0.016744021326303482
STY_fig1b.xlsx,STY_fig1b,STY,50.00,t_res,-ln(1-conversion),2.2964472713216404,0.016817109659314156
STY_fig1b.xlsx,STY_fig1b,STY,50.00,t_res,-ln(1-conversion),2.3165360602546508,0.016890566796064377
STY_fig1b.xlsx,STY_fig1b,STY,50.00,t_res,-ln(1-conversion),2.3366248491876607,0.01696440391242504
STY_fig1b.xlsx,STY_fig1b,STY,50.00,t_res,-ln(1-conversion),2.3567136381206706,0.017038634046912193
STY_fig1b.xlsx,STY_fig1b,STY,50.00,t_res,-ln(1-conversion),2.376802427053681,0.017113272100687027
STY_fig1b.xlsx,STY_fig1b,STY,50.00,t_res,-ln(1-conversion),2.396891215986691,0.017188329249620438
STY_fig1b.xlsx,STY_fig1b,STY,50.00,t_res,-ln(1-conversion),2.4169800049197008,0.01726382225751877
STY_fig1b.xlsx,STY_fig1b,STY,50.00,t_res,-ln(1-conversion),2.4370687938527107,0.01733976975083351
STY_fig1b.xlsx,STY_fig1b,STY,50.00,t_res,-ln(1-conversion),2.4571575827857206,0.01741618663072586
STY_fig1b.xlsx,STY_fig1b,STY,50.00,t_res,-ln(1-conversion),2.4772463717187305,0.01749308779835701
STY_fig1b.xlsx,STY_fig1b,STY,50.00,t_res,-ln(1-conversion),2.4973351606517404,0.01757049560546875
STY_fig1b.xlsx,STY_fig1b,STY,50.00,t_res,-ln(1-conversion),2.5174239495847504,0.017648426815867424
STY_fig1b.xlsx,STY_fig1b,STY,50.00,t_res,-ln(1-conversion),2.5375127385177607,0.017726901918649673
STY_fig1b.xlsx,STY_fig1b,STY,50.00,t_res,-ln(1-conversion),2.5576015274507706,0.01780593767762184
STY_fig1b.xlsx,STY_fig1b,STY,50.00,t_res,-ln(1-conversion),2.5776903163837805,0.017885562032461166
STY_fig1b.xlsx,STY_fig1b,STY,50.00,t_res,-ln(1-conversion),2.597779105316791,0.017965784296393394
STY_fig1b.xlsx,STY_fig1b,STY,50.00,t_res,-ln(1-conversion),2.617867894249801,0.018046636134386063
STY_fig1b.xlsx,STY_fig1b,STY,50.00,t_res,-ln(1-conversion),2.6379566831828107,0.018128130584955215
STY_fig1b.xlsx,STY_fig1b,STY,50.00,t_res,-ln(1-conversion),2.6580454721158207,0.01821029931306839
STY_fig1b.xlsx,STY_fig1b,STY,50.00,t_res,-ln(1-conversion),2.6781342610488306,0.01829315349459648
STY_fig1b.xlsx,STY_fig1b,STY,50.00,t_res,-ln(1-conversion),2.6982230499818405,0.01837671920657158
STY_fig1b.xlsx,STY_fig1b,STY,50.00,t_res,-ln(1-conversion),2.7183118389148504,0.018461022526025772
STY_fig1b.xlsx,STY_fig1b,STY,50.00,t_res,-ln(1-conversion),2.7384006278478603,0.018546074628829956
STY_fig1b.xlsx,STY_fig1b,STY,50.00,t_res,-ln(1-conversion),2.7584894167808707,0.01863190159201622
STY_fig1b.xlsx,STY_fig1b,STY,50.00,t_res,-ln(1-conversion),2.7785782057138806,0.018718525767326355
STY_fig1b.xlsx,STY_fig1b,STY,50.00,t_res,-ln(1-conversion),2.7986669946468905,0.018805962055921555
STY_fig1b.xlsx,STY_fig1b,STY,50.00,t_res,-ln(1-conversion),2.818755783579901,0.01889422908425331
STY_fig1b.xlsx,STY_fig1b,STY,50.00,t_res,-ln(1-conversion),2.838844572512911,0.018983351066708565
STY_fig1b.xlsx,STY_fig1b,STY,50.00,t_res,-ln(1-conversion),2.8589333614459207,0.01907333731651306
STY_fig1b.xlsx,STY_fig1b,STY,50.00,t_res,-ln(1-conversion),2.8790221503789306,0.019164202734827995
STY_fig1b.xlsx,STY_fig1b,STY,50.00,t_res,-ln(1-conversion),2.8991109393119405,0.01925596222281456
STY_fig1b.xlsx,STY_fig1b,STY,50.00,t_res,-ln(1-conversion),2.9191997282449504,0.0193486325442791
STY_fig1b.xlsx,STY_fig1b,STY,50.00,t_res,-ln(1-conversion),2.9392885171779604,0.01944221742451191
STY_fig1b.xlsx,STY_fig1b,STY,50.00,t_res,-ln(1-conversion),2.9593773061109703,0.01953672431409359
STY_fig1b.xlsx,STY_fig1b,STY,50.00,t_res,-ln(1-conversion),2.9794660950439806,0.019632158800959587
STY_fig1b.xlsx,STY_fig1b,STY,50.00,t_res,-ln(1-conversion),2.9995548839769905,0.01972852647304535
STY_fig1b.xlsx,STY_fig1b,STY,50.00,t_res,-ln(1-conversion),3.0196436729100005,0.019825827330350876
STY_fig1b.xlsx,STY_fig1b,STY,50.00,t_res,-ln(1-conversion),3.0397324618430104,0.01992405578494072
STY_fig1b.xlsx,STY_fig1b,STY,50.00,t_res,-ln(1-conversion),3.0598212507760207,0.020023208111524582
STY_fig1b.xlsx,STY_fig1b,STY,50.00,t_res,-ln(1-conversion),3.0799100397090307,0.020123273134231567
STY_fig1b.xlsx,STY_fig1b,STY,50.00,t_res,-ln(1-conversion),3.0999988286420406,0.02022423967719078
STY_fig1b.xlsx,STY_fig1b,STY,50.00,t_res,-ln(1-conversion),3.1200876175750505,0.020326092839241028
STY_fig1b.xlsx,STY_fig1b,STY,50.00,t_res,-ln(1-conversion),3.1401764065080604,0.020428812131285667
STY_fig1b.xlsx,STY_fig1b,STY,50.00,t_res,-ln(1-conversion),3.1602651954410703,0.02053237333893776
STY_fig1b.xlsx,STY_fig1b,STY,50.00,t_res,-ln(1-conversion),3.1803539843740807,0.020636752247810364
STY_fig1b.xlsx,STY_fig1b,STY,50.00,t_res,-ln(1-conversion),3.2004427733070906,0.020741917192935944
STY_fig1b.xlsx,STY_fig1b,STY,50.00,t_res,-ln(1-conversion),3.2205315622401005,0.020847829058766365
STY_fig1b.xlsx,STY_fig1b,STY,50.00,t_res,-ln(1-conversion),3.2406203511731104,0.020954452455043793
STY_fig1b.xlsx,STY_fig1b,STY,50.00,t_res,-ln(1-conversion),3.2607091401061203,0.021061748266220093
STY_fig1b.xlsx,STY_fig1b,STY,50.00,t_res,-ln(1-conversion),3.2807979290391303,0.021169662475585938
STY_fig1b.xlsx,STY_fig1b,STY,50.00,t_res,-ln(1-conversion),3.3008867179721406,0.021278146654367447
STY_fig1b.xlsx,STY_fig1b,STY,50.00,t_res,-ln(1-conversion),3.3209755069051505,0.02138715237379074
STY_fig1b.xlsx,STY_fig1b,STY,50.00,t_res,-ln(1-conversion),3.3410642958381604,0.021496616303920746
STY_fig1b.xlsx,STY_fig1b,STY,50.00,t_res,-ln(1-conversion),3.3611530847711704,0.021606478840112686
STY_fig1b.xlsx,STY_fig1b,STY,50.00,t_res,-ln(1-conversion),3.3812418737041803,0.02171667106449604
STY_fig1b.xlsx,STY_fig1b,STY,50.00,t_res,-ln(1-conversion),3.4013306626371906,0.021827135235071182
STY_fig1b.xlsx,STY_fig1b,STY,50.00,t_res,-ln(1-conversion),3.4214194515702006,0.021937793120741844
STY_fig1b.xlsx,STY_fig1b,STY,50.00,t_res,-ln(1-conversion),3.4415082405032105,0.022048575803637505
STY_fig1b.xlsx,STY_fig1b,STY,50.00,t_res,-ln(1-conversion),3.4615970294362204,0.022159405052661896
STY_fig1b.xlsx,STY_fig1b,STY,50.00,t_res,-ln(1-conversion),3.4816858183692303,0.022270210087299347
STY_fig1b.xlsx,STY_fig1b,STY,50.00,t_res,-ln(1-conversion),3.50177460730224,0.02238091081380844
STY_fig1b.xlsx,STY_fig1b,STY,50.00,t_res,-ln(1-conversion),3.5218633962352506,0.022491425275802612
STY_fig1b.xlsx,STY_fig1b,STY,50.00,t_res,-ln(1-conversion),3.5419521851682605,0.022601677104830742
STY_fig1b.xlsx,STY_fig1b,STY,50.00,t_res,-ln(1-conversion),3.5620409741012704,0.02271158993244171
STY_fig1b.xlsx,STY_fig1b,STY,50.00,t_res,-ln(1-conversion),3.5821297630342803,0.022821079939603806
STY_fig1b.xlsx,STY_fig1b,STY,50.00,t_res,-ln(1-conversion),3.6022185519672902,0.022930070757865906
STY_fig1b.xlsx,STY_fig1b,STY,50.00,t_res,-ln(1-conversion),3.6223073409003006,0.023038484156131744
STY_fig1b.xlsx,STY_fig1b,STY,50.00,t_res,-ln(1-conversion),3.6423961298333105,0.0231462474912405
STY_fig1b.xlsx,STY_fig1b,STY,50.00,t_res,-ln(1-conversion),3.6624849187663204,0.023253286257386208
STY_fig1b.xlsx,STY_fig1b,STY,50.00,t_res,-ln(1-conversion),3.6825737076993303,0.023359527811408043
STY_fig1b.xlsx,STY_fig1b,STY,50.00,t_res,-ln(1-conversion),3.7026624966323403,0.023464906960725784
STY_fig1b.xlsx,STY_fig1b,STY,50.00,t_res,-ln(1-conversion),3.72275128556535,0.02356935851275921
STY_fig1b.xlsx,STY_fig1b,STY,50.00,t_res,-ln(1-conversion),3.7428400744983605,0.02367282100021839
STY_fig1b.xlsx,STY_fig1b,STY,50.00,t_res,-ln(1-conversion),3.7629288634313705,0.023775238543748856
STY_fig1b.xlsx,STY_fig1b,STY,50.00,t_res,-ln(1-conversion),3.7830176523643804,0.023876560851931572
STY_fig1b.xlsx,STY_fig1b,STY,50.00,t_res,-ln(1-conversion),3.8031064412973903,0.02397673763334751
STY_fig1b.xlsx,STY_fig1b,STY,50.00,t_res,-ln(1-conversion),3.8231952302304,0.02407573163509369
STY_fig1b.xlsx,STY_fig1b,STY,50.00,t_res,-ln(1-conversion),3.8432840191634106,0.024173501878976822
STY_fig1b.xlsx,STY_fig1b,STY,50.00,t_res,-ln(1-conversion),3.8633728080964205,0.024270016700029373
STY_fig1b.xlsx,STY_fig1b,STY,50.00,t_res,-ln(1-conversion),3.8834615970294304,0.0243652556091547
STY_fig1b.xlsx,STY_fig1b,STY,50.00,t_res,-ln(1-conversion),3.9035503859624403,0.024459196254611015
STY_fig1b.xlsx,STY_fig1b,STY,50.00,t_res,-ln(1-conversion),3.92363917489545,0.02455182746052742
STY_fig1b.xlsx,STY_fig1b,STY,50.00,t_res,-ln(1-conversion),3.94372796382846,0.02464313991367817
STY_fig1b.xlsx,STY_fig1b,STY,50.00,t_res,-ln(1-conversion),3.9638167527614705,0.024733133614063263
STY_fig1b.xlsx,STY_fig1b,STY,50.00,t_res,-ln(1-conversion),3.9839055416944804,0.024821817874908447
STY_fig1b.xlsx,STY_fig1b,STY,50.00,t_res,-ln(1-conversion),4.00399433062749,0.02490920200943947
STY_fig1b.xlsx,STY_fig1b,STY,50.00,t_res,-ln(1-conversion),4.0240831195605,0.024995308369398117
STY_fig1b.xlsx,STY_fig1b,STY,50.00,t_res,-ln(1-conversion),4.04417190849351,0.025080153718590736
STY_fig1b.xlsx,STY_fig1b,STY,50.00,t_res,-ln(1-conversion),4.06426069742652,0.02516377717256546
STY_fig1b.xlsx,STY_fig1b,STY,50.00,t_res,-ln(1-conversion),4.08434948635953,0.025246217846870422
STY_fig1b.xlsx,STY_fig1b,STY,50.00,t_res,-ln(1-conversion),4.104438275292541,0.025327514857053757
STY_fig1b.xlsx,STY_fig1b,STY,50.00,t_res,-ln(1-conversion),4.12452706422555,0.025407716631889343
STY_fig1b.xlsx,STY_fig1b,STY,50.00,t_res,-ln(1-conversion),4.144615853158561,0.025486882776021957
STY_fig1b.xlsx,STY_fig1b,STY,50.00,t_res,-ln(1-conversion),4.16470464209157,0.025565076619386673
STY_fig1b.xlsx,STY_fig1b,STY,50.00,t_res,-ln(1-conversion),4.1847934310245805,0.025642357766628265
STY_fig1b.xlsx,STY_fig1b,STY,50.00,t_res,-ln(1-conversion),4.20488221995759,0.02571881003677845
STY_fig1b.xlsx,STY_fig1b,STY,50.00,t_res,-ln(1-conversion),4.2249710088906,0.02579450234770775
STY_fig1b.xlsx,STY_fig1b,STY,50.00,t_res,-ln(1-conversion),4.24505979782361,0.025869524106383324
STY_fig1b.xlsx,STY_fig1b,STY,50.00,t_res,-ln(1-conversion),4.26514858675662,0.02594395913183689
STY_fig1b.xlsx,STY_fig1b,STY,50.00,t_res,-ln(1-conversion),4.28523737568963,0.026017900556325912
STY_fig1b.xlsx,STY_fig1b,STY,50.00,t_res,-ln(1-conversion),4.30532616462264,0.026091447100043297
STY_fig1b.xlsx,STY_fig1b,STY,50.00,t_res,-ln(1-conversion),4.325414953555651,0.026164699345827103
STY_fig1b.xlsx,STY_fig1b,STY,50.00,t_res,-ln(1-conversion),4.34550374248866,0.026237763464450836
STY_fig1b.xlsx,STY_fig1b,STY,50.00,t_res,-ln(1-conversion),4.365592531421671,0.026310745626688004
STY_fig1b.xlsx,STY_fig1b,STY,50.00,t_res,-ln(1-conversion),4.38568132035468,0.026383761316537857
STY_fig1b.xlsx,STY_fig1b,STY,50.00,t_res,-ln(1-conversion),4.40577010928769,0.0264569241553545
STY_fig1b.xlsx,STY_fig1b,STY,50.00,t_res,-ln(1-conversion),4.4258588982207,0.026530351489782333
STY_fig1b.xlsx,STY_fig1b,STY,50.00,t_res,-ln(1-conversion),4.44594768715371,0.026604166254401207
STY_fig1b.xlsx,STY_fig1b,STY,50.00,t_res,-ln(1-conversion),4.46603647608672,0.02667848765850067
STY_fig1b.xlsx,STY_fig1b,STY,50.00,t_res,-ln(1-conversion),4.48612526501973,0.026753446087241173
STY_fig1b.xlsx,STY_fig1b,STY,50.00,t_res,-ln(1-conversion),4.50621405395274,0.026829158887267113
STY_fig1b.xlsx,STY_fig1b,STY,50.00,t_res,-ln(1-conversion),4.52630284288575,0.026905754581093788
STY_fig1b.xlsx,STY_fig1b,STY,50.00,t_res,-ln(1-conversion),4.546391631818761,0.026983361691236496
STY_fig1b.xlsx,STY_fig1b,STY,50.00,t_res,-ln(1-conversion),4.56648042075177,0.027062110602855682
STY_fig1b.xlsx,STY_fig1b,STY,50.00,t_res,-ln(1-conversion),4.5865692096847805,0.02714211866259575
STY_fig1b.xlsx,STY_fig1b,STY,50.00,t_res,-ln(1-conversion),4.60665799861779,0.027223512530326843
STY_fig1b.xlsx,STY_fig1b,STY,50.00,t_res,-ln(1-conversion),4.6267467875508,0.02730642259120941
STY_fig1b.xlsx,STY_fig1b,STY,50.00,t_res,-ln(1-conversion),4.64683557648381,0.027390962466597557
STY_fig1b.xlsx,STY_fig1b,STY,50.00,t_res,-ln(1-conversion),4.66692436541682,0.02747725136578083
STY_fig1b.xlsx,STY_fig1b,STY,50.00,t_res,-ln(1-conversion),4.68701315434983,0.027565404772758484
STY_fig1b.xlsx,STY_fig1b,STY,50.00,t_res,-ln(1-conversion),4.70710194328284,0.027655530720949173
STY_fig1b.xlsx,STY_fig1b,STY,50.00,t_res,-ln(1-conversion),4.72719073221585,0.027747737243771553
STY_fig1b.xlsx,STY_fig1b,STY,50.00,t_res,-ln(1-conversion),4.74727952114886,0.027842124924063683
STY_fig1b.xlsx,STY_fig1b,STY,50.00,t_res,-ln(1-conversion),4.767368310081871,0.027938785031437874
STY_fig1b.xlsx,STY_fig1b,STY,50.00,t_res,-ln(1-conversion),4.78745709901488,0.02803780511021614
STY_fig1b.xlsx,STY_fig1b,STY,50.00,t_res,-ln(1-conversion),4.8075458879478905,0.0281392652541399
STY_fig1b.xlsx,STY_fig1b,STY,50.00,t_res,-ln(1-conversion),4.8276346768808995,0.02824323996901512
STY_fig1b.xlsx,STY_fig1b,STY,50.00,t_res,-ln(1-conversion),4.84772346581391,0.028349783271551132
STY_fig1b.xlsx,STY_fig1b,STY,50.00,t_res,-ln(1-conversion),4.86781225474692,0.028458956629037857
STY_fig1b.xlsx,STY_fig1b,STY,50.00,t_res,-ln(1-conversion),4.88790104367993,0.02857080101966858
STY_fig1b.xlsx,STY_fig1b,STY,50.00,t_res,-ln(1-conversion),4.90798983261294,0.028685351833701134
STY_fig1b.xlsx,STY_fig1b,STY,50.00,t_res,-ln(1-conversion),4.92807862154595,0.028802627697587013
STY_fig1b.xlsx,STY_fig1b,STY,50.00,t_res,-ln(1-conversion),4.94816741047896,0.02892264351248741
STY_fig1b.xlsx,STY_fig1b,STY,50.00,t_res,-ln(1-conversion),4.96825619941197,0.02904539555311203
STY_fig1b.xlsx,STY_fig1b,STY,50.00,t_res,-ln(1-conversion),4.98834498834498,0.02917088009417057
STY_fig1b.xlsx,STY_fig1b,STY,60.00,t_res,-ln(1-conversion),1.002331002331,0.015847813338041306
STY_fig1b.xlsx,STY_fig1b,STY,60.00,t_res,-ln(1-conversion),1.022361223366246,0.015923213213682175
STY_fig1b.xlsx,STY_fig1b,STY,60.00,t_res,-ln(1-conversion),1.0423914444014921,0.015999216586351395
STY_fig1b.xlsx,STY_fig1b,STY,60.00,t_res,-ln(1-conversion),1.0624216654367382,0.016075823456048965
STY_fig1b.xlsx,STY_fig1b,STY,60.00,t_res,-ln(1-conversion),1.0824518864719845,0.016153033822774887
STY_fig1b.xlsx,STY_fig1b,STY,60.00,t_res,-ln(1-conversion),1.1024821075072306,0.01623084768652916
STY_fig1b.xlsx,STY_fig1b,STY,60.00,t_res,-ln(1-conversion),1.1225123285424767,0.016309259459376335
STY_fig1b.xlsx,STY_fig1b,STY,60.00,t_res,-ln(1-conversion),1.1425425495777228,0.016388271003961563
STY_fig1b.xlsx,STY_fig1b,STY,60.00,t_res,-ln(1-conversion),1.162572770612969,0.016467880457639694
STY_fig1b.xlsx,STY_fig1b,STY,60.00,t_res,-ln(1-conversion),1.182602991648215,0.01654808595776558
STY_fig1b.xlsx,STY_fig1b,STY,60.00,t_res,-ln(1-conversion),1.2026332126834611,0.01662888191640377
STY_fig1b.xlsx,STY_fig1b,STY,60.00,t_res,-ln(1-conversion),1.2226634337187074,0.016710270196199417
STY_fig1b.xlsx,STY_fig1b,STY,60.00,t_res,-ln(1-conversion),1.2426936547539535,0.016792243346571922
STY_fig1b.xlsx,STY_fig1b,STY,60.00,t_res,-ln(1-conversion),1.2627238757891996,0.016874801367521286
STY_fig1b.xlsx,STY_fig1b,STY,60.00,t_res,-ln(1-conversion),1.2827540968244457,0.01695793680846691
STY_fig1b.xlsx,STY_fig1b,STY,60.00,t_res,-ln(1-conversion),1.3027843178596918,0.017041653394699097
STY_fig1b.xlsx,STY_fig1b,STY,60.00,t_res,-ln(1-conversion),1.322814538894938,0.0171259343624115
STY_fig1b.xlsx,STY_fig1b,STY,60.00,t_res,-ln(1-conversion),1.342844759930184,0.017210789024829865
STY_fig1b.xlsx,STY_fig1b,STY,60.00,t_res,-ln(1-conversion),1.3628749809654304,0.017296202480793
STY_fig1b.xlsx,STY_fig1b,STY,60.00,t_res,-ln(1-conversion),1.3829052020006765,0.017382172867655754
STY_fig1b.xlsx,STY_fig1b,STY,60.00,t_res,-ln(1-conversion),1.4029354230359226,0.017468692734837532
STY_fig1b.xlsx,STY_fig1b,STY,60.00,t_res,-ln(1-conversion),1.4229656440711687,0.017555760219693184
STY_fig1b.xlsx,STY_fig1b,STY,60.00,t_res,-ln(1-conversion),1.4429958651064148,0.017643364146351814
STY_fig1b.xlsx,STY_fig1b,STY,60.00,t_res,-ln(1-conversion),1.4630260861416609,0.017731502652168274
STY_fig1b.xlsx,STY_fig1b,STY,60.00,t_res,-ln(1-conversion),1.483056307176907,0.017820164561271667
STY_fig1b.xlsx,STY_fig1b,STY,60.00,t_res,-ln(1-conversion),1.5030865282121533,0.017909346148371696
STY_fig1b.xlsx,STY_fig1b,STY,60.00,t_res,-ln(1-conversion),1.5231167492473991,0.017999038100242615
STY_fig1b.xlsx,STY_fig1b,STY,60.00,t_res,-ln(1-conversion),1.5431469702826455,0.018089234828948975
STY_fig1b.xlsx,STY_fig1b,STY,60.00,t_res,-ln(1-conversion),1.5631771913178916,0.01817992702126503
STY_fig1b.xlsx,STY_fig1b,STY,60.00,t_res,-ln(1-conversion),1.5832074123531377,0.018271107226610184
STY_fig1b.xlsx,STY_fig1b,STY,60.00,t_res,-ln(1-conversion),1.6032376333883838,0.01836276426911354
STY_fig1b.xlsx,STY_fig1b,STY,60.00,t_res,-ln(1-conversion),1.6232678544236299,0.018454894423484802
STY_fig1b.xlsx,STY_fig1b,STY,60.00,t_res,-ln(1-conversion),1.6432980754588762,0.018547488376498222
STY_fig1b.xlsx,STY_fig1b,STY,60.00,t_res,-ln(1-conversion),1.663328296494122,0.018640533089637756
STY_fig1b.xlsx,STY_fig1b,STY,60.00,t_res,-ln(1-conversion),1.6833585175293684,0.018734026700258255
STY_fig1b.xlsx,STY_fig1b,STY,60.00,t_res,-ln(1-conversion),1.7033887385646145,0.018827956169843674
STY_fig1b.xlsx,STY_fig1b,STY,60.00,t_res,-ln(1-conversion),1.7234189595998606,0.018922310322523117
STY_fig1b.xlsx,STY_fig1b,STY,60.00,t_res,-ln(1-conversion),1.7434491806351067,0.019017085433006287
STY_fig1b.xlsx,STY_fig1b,STY,60.00,t_res,-ln(1-conversion),1.7634794016703528,0.019112270325422287
STY_fig1b.xlsx,STY_fig1b,STY,60.00,t_res,-ln(1-conversion),1.783509622705599,0.01920785754919052
STY_fig1b.xlsx,STY_fig1b,STY,60.00,t_res,-ln(1-conversion),1.803539843740845,0.019303839653730392
STY_fig1b.xlsx,STY_fig1b,STY,60.00,t_res,-ln(1-conversion),1.8235700647760913,0.019400199875235558
STY_fig1b.xlsx,STY_fig1b,STY,60.00,t_res,-ln(1-conversion),1.8436002858113374,0.019496940076351166
STY_fig1b.xlsx,STY_fig1b,STY,60.00,t_res,-ln(1-conversion),1.8636305068465835,0.019594047218561172
STY_fig1b.xlsx,STY_fig1b,STY,60.00,t_res,-ln(1-conversion),1.8836607278818296,0.01969151571393013
STY_fig1b.xlsx,STY_fig1b,STY,60.00,t_res,-ln(1-conversion),1.9036909489170757,0.01978933997452259
STY_fig1b.xlsx,STY_fig1b,STY,60.00,t_res,-ln(1-conversion),1.923721169952322,0.01988750509917736
STY_fig1b.xlsx,STY_fig1b,STY,60.00,t_res,-ln(1-conversion),1.9437513909875679,0.01998600922524929
STY_fig1b.xlsx,STY_fig1b,STY,60.00,t_res,-ln(1-conversion),1.9637816120228142,0.020084848627448082
STY_fig1b.xlsx,STY_fig1b,STY,60.00,t_res,-ln(1-conversion),1.9838118330580603,0.02018401399254799
STY_fig1b.xlsx,STY_fig1b,STY,60.00,t_res,-ln(1-conversion),2.0038420540933064,0.020283501595258713
STY_fig1b.xlsx,STY_fig1b,STY,60.00,t_res,-ln(1-conversion),2.0238722751285527,0.020383307710289955
STY_fig1b.xlsx,STY_fig1b,STY,60.00,t_res,-ln(1-conversion),2.0439024961637986,0.02048342302441597
STY_fig1b.xlsx,STY_fig1b,STY,60.00,t_res,-ln(1-conversion),2.0639327171990445,0.020583853125572205
STY_fig1b.xlsx,STY_fig1b,STY,60.00,t_res,-ln(1-conversion),2.083962938234291,0.020684588700532913
STY_fig1b.xlsx,STY_fig1b,STY,60.00,t_res,-ln(1-conversion),2.103993159269537,0.020785629749298096
STY_fig1b.xlsx,STY_fig1b,STY,60.00,t_res,-ln(1-conversion),2.1240233803047834,0.020886972546577454
STY_fig1b.xlsx,STY_fig1b,STY,60.00,t_res,-ln(1-conversion),2.1440536013400293,0.020988620817661285
STY_fig1b.xlsx,STY_fig1b,STY,60.00,t_res,-ln(1-conversion),2.164083822375275,0.021090568974614143
STY_fig1b.xlsx,STY_fig1b,STY,60.00,t_res,-ln(1-conversion),2.1841140434105215,0.021192826330661774
STY_fig1b.xlsx,STY_fig1b,STY,60.00,t_res,-ln(1-conversion),2.204144264445768,0.02129538729786873
STY_fig1b.xlsx,STY_fig1b,STY,60.00,t_res,-ln(1-conversion),2.224174485481014,0.021398257464170456
STY_fig1b.xlsx,STY_fig1b,STY,60.00,t_res,-ln(1-conversion),2.24420470651626,0.021501436829566956
STY_fig1b.xlsx,STY_fig1b,STY,60.00,t_res,-ln(1-conversion),2.264234927551506,0.021604936569929123
STY_fig1b.xlsx,STY_fig1b,STY,60.00,t_res,-ln(1-conversion),2.2842651485867522,0.02170875295996666
STY_fig1b.xlsx,STY_fig1b,STY,60.00,t_res,-ln(1-conversion),2.3042953696219985,0.02181289717555046
STY_fig1b.xlsx,STY_fig1b,STY,60.00,t_res,-ln(1-conversion),2.3243255906572444,0.021917376667261124
STY_fig1b.xlsx,STY_fig1b,STY,60.00,t_res,-ln(1-conversion),2.3443558116924903,0.022022195160388947
STY_fig1b.xlsx,STY_fig1b,STY,60.00,t_res,-ln(1-conversion),2.3643860327277366,0.022127356380224228
STY_fig1b.xlsx,STY_fig1b,STY,60.00,t_res,-ln(1-conversion),2.384416253762983,0.022232871502637863
STY_fig1b.xlsx,STY_fig1b,STY,60.00,t_res,-ln(1-conversion),2.4044464747982293,0.02233874425292015
STY_fig1b.xlsx,STY_fig1b,STY,60.00,t_res,-ln(1-conversion),2.424476695833475,0.022444991394877434
STY_fig1b.xlsx,STY_fig1b,STY,60.00,t_res,-ln(1-conversion),2.444506916868721,0.022551611065864563
STY_fig1b.xlsx,STY_fig1b,STY,60.00,t_res,-ln(1-conversion),2.4645371379039673,0.022658616304397583
STY_fig1b.xlsx,STY_fig1b,STY,60.00,t_res,-ln(1-conversion),2.4845673589392137,0.022766008973121643
STY_fig1b.xlsx,STY_fig1b,STY,60.00,t_res,-ln(1-conversion),2.50459757997446,0.02287380024790764
STY_fig1b.xlsx,STY_fig1b,STY,60.00,t_res,-ln(1-conversion),2.524627801009706,0.02298199199140072
STY_fig1b.xlsx,STY_fig1b,STY,60.00,t_res,-ln(1-conversion),2.5446580220449517,0.02309059165418148
STY_fig1b.xlsx,STY_fig1b,STY,60.00,t_res,-ln(1-conversion),2.564688243080198,0.02319960482418537
STY_fig1b.xlsx,STY_fig1b,STY,60.00,t_res,-ln(1-conversion),2.5847184641154444,0.023309029638767242
STY_fig1b.xlsx,STY_fig1b,STY,60.00,t_res,-ln(1-conversion),2.6047486851506902,0.023418866097927094
STY_fig1b.xlsx,STY_fig1b,STY,60.00,t_res,-ln(1-conversion),2.624778906185936,0.023529116064310074
STY_fig1b.xlsx,STY_fig1b,STY,60.00,t_res,-ln(1-conversion),2.6448091272211824,0.023639770224690437
STY_fig1b.xlsx,STY_fig1b,STY,60.00,t_res,-ln(1-conversion),2.6648393482564288,0.023750826716423035
STY_fig1b.xlsx,STY_fig1b,STY,60.00,t_res,-ln(1-conversion),2.684869569291675,0.02386227436363697
STY_fig1b.xlsx,STY_fig1b,STY,60.00,t_res,-ln(1-conversion),2.704899790326921,0.02397410199046135
STY_fig1b.xlsx,STY_fig1b,STY,60.00,t_res,-ln(1-conversion),2.724930011362167,0.02408628910779953
STY_fig1b.xlsx,STY_fig1b,STY,60.00,t_res,-ln(1-conversion),2.744960232397413,0.024198822677135468
STY_fig1b.xlsx,STY_fig1b,STY,60.00,t_res,-ln(1-conversion),2.7649904534326595,0.024311674758791924
STY_fig1b.xlsx,STY_fig1b,STY,60.00,t_res,-ln(1-conversion),2.785020674467906,0.02442481555044651
STY_fig1b.xlsx,STY_fig1b,STY,60.00,t_res,-ln(1-conversion),2.8050508955031517,0.02453821524977684
STY_fig1b.xlsx,STY_fig1b,STY,60.00,t_res,-ln(1-conversion),2.8250811165383976,0.024651842191815376
STY_fig1b.xlsx,STY_fig1b,STY,60.00,t_res,-ln(1-conversion),2.845111337573644,0.02476564422249794
STY_fig1b.xlsx,STY_fig1b,STY,60.00,t_res,-ln(1-conversion),2.86514155860889,0.024879585951566696
STY_fig1b.xlsx,STY_fig1b,STY,60.00,t_res,-ln(1-conversion),2.885171779644136,0.02499360963702202
STY_fig1b.xlsx,STY_fig1b,STY,60.00,t_res,-ln(1-conversion),2.905202000679382,0.02510765939950943
STY_fig1b.xlsx,STY_fig1b,STY,60.00,t_res,-ln(1-conversion),2.9252322217146283,0.025221675634384155
STY_fig1b.xlsx,STY_fig1b,STY,60.00,t_res,-ln(1-conversion),2.9452624427498746,0.02533559501171112
STY_fig1b.xlsx,STY_fig1b,STY,60.00,t_res,-ln(1-conversion),2.965292663785121,0.025449341163039207
STY_fig1b.xlsx,STY_fig1b,STY,60.00,t_res,-ln(1-conversion),2.985322884820367,0.025562845170497894
STY_fig1b.xlsx,STY_fig1b,STY,60.00,t_res,-ln(1-conversion),3.0053531058556127,0.025676026940345764
STY_fig1b.xlsx,STY_fig1b,STY,60.00,t_res,-ln(1-conversion),3.025383326890859,0.025788798928260803
STY_fig1b.xlsx,STY_fig1b,STY,60.00,t_res,-ln(1-conversion),3.0454135479261053,0.025901079177856445
STY_fig1b.xlsx,STY_fig1b,STY,60.00,t_res,-ln(1-conversion),3.0654437689613516,0.026012780144810677
STY_fig1b.xlsx,STY_fig1b,STY,60.00,t_res,-ln(1-conversion),3.085473989996597,0.026123810559511185
STY_fig1b.xlsx,STY_fig1b,STY,60.00,t_res,-ln(1-conversion),3.1055042110318434,0.02623407542705536
STY_fig1b.xlsx,STY_fig1b,STY,60.00,t_res,-ln(1-conversion),3.1255344320670897,0.02634347975254059
STY_fig1b.xlsx,STY_fig1b,STY,60.00,t_res,-ln(1-conversion),3.145564653102336,0.026451928541064262
STY_fig1b.xlsx,STY_fig1b,STY,60.00,t_res,-ln(1-conversion),3.1655948741375823,0.026559334248304367
STY_fig1b.xlsx,STY_fig1b,STY,60.00,t_res,-ln(1-conversion),3.1856250951728278,0.026665598154067993
STY_fig1b.xlsx,STY_fig1b,STY,60.00,t_res,-ln(1-conversion),3.205655316208074,0.026770630851387978
STY_fig1b.xlsx,STY_fig1b,STY,60.00,t_res,-ln(1-conversion),3.2256855372433204,0.026874344795942307
STY_fig1b.xlsx,STY_fig1b,STY,60.00,t_res,-ln(1-conversion),3.2457157582785667,0.026976656168699265
STY_fig1b.xlsx,STY_fig1b,STY,60.00,t_res,-ln(1-conversion),3.265745979313812,0.027077483013272285
STY_fig1b.xlsx,STY_fig1b,STY,60.00,t_res,-ln(1-conversion),3.2857762003490585,0.0271767508238554
STY_fig1b.xlsx,STY_fig1b,STY,60.00,t_res,-ln(1-conversion),3.305806421384305,0.027274390682578087
STY_fig1b.xlsx,STY_fig1b,STY,60.00,t_res,-ln(1-conversion),3.325836642419551,0.02737034112215042
STY_fig1b.xlsx,STY_fig1b,STY,60.00,t_res,-ln(1-conversion),3.3458668634547974,0.027464546263217926
STY_fig1b.xlsx,STY_fig1b,STY,60.00,t_res,-ln(1-conversion),3.365897084490043,0.02755695953965187
STY_fig1b.xlsx,STY_fig1b,STY,60.00,t_res,-ln(1-conversion),3.385927305525289,0.027647539973258972
STY_fig1b.xlsx,STY_fig1b,STY,60.00,t_res,-ln(1-conversion),3.4059575265605355,0.02773626521229744
STY_fig1b.xlsx,STY_fig1b,STY,60.00,t_res,-ln(1-conversion),3.425987747595782,0.027823112905025482
STY_fig1b.xlsx,STY_fig1b,STY,60.00,t_res,-ln(1-conversion),3.446017968631028,0.027908071875572205
STY_fig1b.xlsx,STY_fig1b,STY,60.00,t_res,-ln(1-conversion),3.4660481896662736,0.027991145849227905
STY_fig1b.xlsx,STY_fig1b,STY,60.00,t_res,-ln(1-conversion),3.48607841070152,0.02807234786450863
STY_fig1b.xlsx,STY_fig1b,STY,60.00,t_res,-ln(1-conversion),3.5061086317367662,0.028151698410511017
STY_fig1b.xlsx,STY_fig1b,STY,60.00,t_res,-ln(1-conversion),3.5261388527720126,0.028229234740138054
STY_fig1b.xlsx,STY_fig1b,STY,60.00,t_res,-ln(1-conversion),3.546169073807258,0.028304997831583023
STY_fig1b.xlsx,STY_fig1b,STY,60.00,t_res,-ln(1-conversion),3.5661992948425043,0.0283790472894907
STY_fig1b.xlsx,STY_fig1b,STY,60.00,t_res,-ln(1-conversion),3.5862295158777506,0.028451450169086456
STY_fig1b.xlsx,STY_fig1b,STY,60.00,t_res,-ln(1-conversion),3.606259736912997,0.028522279113531113
STY_fig1b.xlsx,STY_fig1b,STY,60.00,t_res,-ln(1-conversion),3.6262899579482433,0.02859162539243698
STY_fig1b.xlsx,STY_fig1b,STY,60.00,t_res,-ln(1-conversion),3.6463201789834887,0.02865958772599697
STY_fig1b.xlsx,STY_fig1b,STY,60.00,t_res,-ln(1-conversion),3.666350400018735,0.02872627228498459
STY_fig1b.xlsx,STY_fig1b,STY,60.00,t_res,-ln(1-conversion),3.6863806210539813,0.028791798278689384
STY_fig1b.xlsx,STY_fig1b,STY,60.00,t_res,-ln(1-conversion),3.7064108420892277,0.028856288641691208
STY_fig1b.xlsx,STY_fig1b,STY,60.00,t_res,-ln(1-conversion),3.726441063124474,0.028919875621795654
STY_fig1b.xlsx,STY_fig1b,STY,60.00,t_res,-ln(1-conversion),3.7464712841597194,0.02898271009325981
STY_fig1b.xlsx,STY_fig1b,STY,60.00,t_res,-ln(1-conversion),3.7665015051949657,0.02904493175446987
STY_fig1b.xlsx,STY_fig1b,STY,60.00,t_res,-ln(1-conversion),3.786531726230212,0.02910670079290867
STY_fig1b.xlsx,STY_fig1b,STY,60.00,t_res,-ln(1-conversion),3.8065619472654584,0.029168179258704185
STY_fig1b.xlsx,STY_fig1b,STY,60.00,t_res,-ln(1-conversion),3.826592168300704,0.029229531064629555
STY_fig1b.xlsx,STY_fig1b,STY,60.00,t_res,-ln(1-conversion),3.84662238933595,0.029290931299328804
STY_fig1b.xlsx,STY_fig1b,STY,60.00,t_res,-ln(1-conversion),3.8666526103711965,0.029352551326155663
STY_fig1b.xlsx,STY_fig1b,STY,60.00,t_res,-ln(1-conversion),3.8866828314064428,0.029414571821689606
STY_fig1b.xlsx,STY_fig1b,STY,60.00,t_res,-ln(1-conversion),3.906713052441689,0.02947717346251011
STY_fig1b.xlsx,STY_fig1b,STY,60.00,t_res,-ln(1-conversion),3.9267432734769345,0.029540538787841797
STY_fig1b.xlsx,STY_fig1b,STY,60.00,t_res,-ln(1-conversion),3.946773494512181,0.029604850336909294
STY_fig1b.xlsx,STY_fig1b,STY,60.00,t_res,-ln(1-conversion),3.966803715547427,0.029670290648937225
STY_fig1b.xlsx,STY_fig1b,STY,60.00,t_res,-ln(1-conversion),3.9868339365826735,0.029737044125795364
STY_fig1b.xlsx,STY_fig1b,STY,60.00,t_res,-ln(1-conversion),4.00686415761792,0.029805287718772888
STY_fig1b.xlsx,STY_fig1b,STY,60.00,t_res,-ln(1-conversion),4.026894378653165,0.029875202104449272
STY_fig1b.xlsx,STY_fig1b,STY,60.00,t_res,-ln(1-conversion),4.046924599688412,0.029946956783533096
STY_fig1b.xlsx,STY_fig1b,STY,60.00,t_res,-ln(1-conversion),4.066954820723658,0.03002072125673294
STY_fig1b.xlsx,STY_fig1b,STY,60.00,t_res,-ln(1-conversion),4.086985041758904,0.030096666887402534
STY_fig1b.xlsx,STY_fig1b,STY,60.00,t_res,-ln(1-conversion),4.10701526279415,0.030174946412444115
STY_fig1b.xlsx,STY_fig1b,STY,60.00,t_res,-ln(1-conversion),4.127045483829396,0.03025570884346962
STY_fig1b.xlsx,STY_fig1b,STY,60.00,t_res,-ln(1-conversion),4.147075704864642,0.03033909946680069
STY_fig1b.xlsx,STY_fig1b,STY,60.00,t_res,-ln(1-conversion),4.167105925899889,0.03042524866759777
STY_fig1b.xlsx,STY_fig1b,STY,60.00,t_res,-ln(1-conversion),4.187136146935135,0.03051428124308586
STY_fig1b.xlsx,STY_fig1b,STY,60.00,t_res,-ln(1-conversion),4.20716636797038,0.030606307089328766
STY_fig1b.xlsx,STY_fig1b,STY,60.00,t_res,-ln(1-conversion),4.227196589005627,0.03070143051445484
STY_fig1b.xlsx,STY_fig1b,STY,60.00,t_res,-ln(1-conversion),4.247226810040873,0.030799737200140953
STY_fig1b.xlsx,STY_fig1b,STY,60.00,t_res,-ln(1-conversion),4.267257031076119,0.03090130165219307
STY_fig1b.xlsx,STY_fig1b,STY,60.00,t_res,-ln(1-conversion),4.287287252111366,0.031006187200546265
STY_fig1b.xlsx,STY_fig1b,STY,60.00,t_res,-ln(1-conversion),4.307317473146611,0.03111443482339382
STY_fig1b.xlsx,STY_fig1b,STY,60.00,t_res,-ln(1-conversion),4.327347694181857,0.031226079910993576
STY_fig1b.xlsx,STY_fig1b,STY,60.00,t_res,-ln(1-conversion),4.347377915217104,0.03134113550186157
STY_fig1b.xlsx,STY_fig1b,STY,60.00,t_res,-ln(1-conversion),4.36740813625235,0.03145959973335266
STY_fig1b.xlsx,STY_fig1b,STY,60.00,t_res,-ln(1-conversion),4.3874383572875955,0.03158145770430565
STY_fig1b.xlsx,STY_fig1b,STY,60.00,t_res,-ln(1-conversion),4.407468578322842,0.03170667588710785
STY_fig1b.xlsx,STY_fig1b,STY,60.00,t_res,-ln(1-conversion),4.427498799358088,0.03183520585298538
STY_fig1b.xlsx,STY_fig1b,STY,60.00,t_res,-ln(1-conversion),4.447529020393334,0.031966980546712875
STY_fig1b.xlsx,STY_fig1b,STY,60.00,t_res,-ln(1-conversion),4.467559241428581,0.03210192546248436
STY_fig1b.xlsx,STY_fig1b,STY,60.00,t_res,-ln(1-conversion),4.487589462463826,0.03223993629217148
STY_fig1b.xlsx,STY_fig1b,STY,60.00,t_res,-ln(1-conversion),4.5076196834990725,0.03238091245293617
STY_fig1b.xlsx,STY_fig1b,STY,60.00,t_res,-ln(1-conversion),4.527649904534319,0.0325247198343277
STY_fig1b.xlsx,STY_fig1b,STY,60.00,t_res,-ln(1-conversion),4.547680125569565,0.03267122805118561
STY_fig1b.xlsx,STY_fig1b,STY,60.00,t_res,-ln(1-conversion),4.5677103466048115,0.03282029554247856
STY_fig1b.xlsx,STY_fig1b,STY,60.00,t_res,-ln(1-conversion),4.587740567640057,0.03297175094485283
STY_fig1b.xlsx,STY_fig1b,STY,60.00,t_res,-ln(1-conversion),4.607770788675303,0.03312543407082558
STY_fig1b.xlsx,STY_fig1b,STY,60.00,t_res,-ln(1-conversion),4.6278010097105495,0.03328116610646248
STY_fig1b.xlsx,STY_fig1b,STY,60.00,t_res,-ln(1-conversion),4.647831230745796,0.03343876823782921
STY_fig1b.xlsx,STY_fig1b,STY,60.00,t_res,-ln(1-conversion),4.667861451781041,0.03359804302453995
STY_fig1b.xlsx,STY_fig1b,STY,60.00,t_res,-ln(1-conversion),4.687891672816288,0.03375880792737007
STY_fig1b.xlsx,STY_fig1b,STY,60.00,t_res,-ln(1-conversion),4.707921893851534,0.03392086923122406
STY_fig1b.xlsx,STY_fig1b,STY,60.00,t_res,-ln(1-conversion),4.72795211488678,0.034084025770425797
STY_fig1b.xlsx,STY_fig1b,STY,60.00,t_res,-ln(1-conversion),4.747982335922027,0.03424808382987976
STY_fig1b.xlsx,STY_fig1b,STY,60.00,t_res,-ln(1-conversion),4.768012556957272,0.03441284969449043
STY_fig1b.xlsx,STY_fig1b,STY,60.00,t_res,-ln(1-conversion),4.788042777992518,0.03457813337445259
STY_fig1b.xlsx,STY_fig1b,STY,60.00,t_res,-ln(1-conversion),4.808072999027765,0.03474375233054161
STY_fig1b.xlsx,STY_fig1b,STY,60.00,t_res,-ln(1-conversion),4.828103220063011,0.03490951657295227
STY_fig1b.xlsx,STY_fig1b,STY,60.00,t_res,-ln(1-conversion),4.848133441098257,0.03507526218891144
STY_fig1b.xlsx,STY_fig1b,STY,60.00,t_res,-ln(1-conversion),4.868163662133503,0.03524080663919449
STY_fig1b.xlsx,STY_fig1b,STY,60.00,t_res,-ln(1-conversion),4.888193883168749,0.03540600463747978
STY_fig1b.xlsx,STY_fig1b,STY,60.00,t_res,-ln(1-conversion),4.908224104203995,0.03557068854570389
STY_fig1b.xlsx,STY_fig1b,STY,60.00,t_res,-ln(1-conversion),4.928254325239242,0.03573472797870636
STY_fig1b.xlsx,STY_fig1b,STY,60.00,t_res,-ln(1-conversion),4.948284546274487,0.035897981375455856
STY_fig1b.xlsx,STY_fig1b,STY,60.00,t_res,-ln(1-conversion),4.968314767309733,0.03606032580137253
STY_fig1b.xlsx,STY_fig1b,STY,60.00,t_res,-ln(1-conversion),4.98834498834498,0.03622164949774742
STY_fig1b.xlsx,STY_fig1b,STY,70.00,t_res,-ln(1-conversion),0.990675990675991,0.019552964717149734
STY_fig1b.xlsx,STY_fig1b,STY,70.00,t_res,-ln(1-conversion),1.0104719401201816,0.01963851787149906
STY_fig1b.xlsx,STY_fig1b,STY,70.00,t_res,-ln(1-conversion),1.0302678895643722,0.01972467452287674
STY_fig1b.xlsx,STY_fig1b,STY,70.00,t_res,-ln(1-conversion),1.050063839008563,0.019811440259218216
STY_fig1b.xlsx,STY_fig1b,STY,70.00,t_res,-ln(1-conversion),1.0698597884527536,0.01989881694316864
STY_fig1b.xlsx,STY_fig1b,STY,70.00,t_res,-ln(1-conversion),1.0896557378969443,0.019986804574728012
STY_fig1b.xlsx,STY_fig1b,STY,70.00,t_res,-ln(1-conversion),1.1094516873411349,0.020075414329767227
STY_fig1b.xlsx,STY_fig1b,STY,70.00,t_res,-ln(1-conversion),1.1292476367853255,0.020164642482995987
STY_fig1b.xlsx,STY_fig1b,STY,70.00,t_res,-ln(1-conversion),1.1490435862295163,0.02025449275970459
STY_fig1b.xlsx,STY_fig1b,STY,70.00,t_res,-ln(1-conversion),1.168839535673707,0.02034497633576393
STY_fig1b.xlsx,STY_fig1b,STY,70.00,t_res,-ln(1-conversion),1.1886354851178975,0.020436087623238564
STY_fig1b.xlsx,STY_fig1b,STY,70.00,t_res,-ln(1-conversion),1.2084314345620881,0.02052783966064453
STY_fig1b.xlsx,STY_fig1b,STY,70.00,t_res,-ln(1-conversion),1.2282273840062787,0.020620230585336685
STY_fig1b.xlsx,STY_fig1b,STY,70.00,t_res,-ln(1-conversion),1.2480233334504693,0.020713267847895622
STY_fig1b.xlsx,STY_fig1b,STY,70.00,t_res,-ln(1-conversion),1.26781928289466,0.020806951448321342
STY_fig1b.xlsx,STY_fig1b,STY,70.00,t_res,-ln(1-conversion),1.2876152323388508,0.020901288837194443
STY_fig1b.xlsx,STY_fig1b,STY,70.00,t_res,-ln(1-conversion),1.3074111817830414,0.02099628746509552
STY_fig1b.xlsx,STY_fig1b,STY,70.00,t_res,-ln(1-conversion),1.327207131227232,0.021091945469379425
STY_fig1b.xlsx,STY_fig1b,STY,70.00,t_res,-ln(1-conversion),1.3470030806714228,0.021188270300626755
STY_fig1b.xlsx,STY_fig1b,STY,70.00,t_res,-ln(1-conversion),1.3667990301156134,0.021285267546772957
STY_fig1b.xlsx,STY_fig1b,STY,70.00,t_res,-ln(1-conversion),1.386594979559804,0.02138294279575348
STY_fig1b.xlsx,STY_fig1b,STY,70.00,t_res,-ln(1-conversion),1.4063909290039946,0.02148130163550377
STY_fig1b.xlsx,STY_fig1b,STY,70.00,t_res,-ln(1-conversion),1.4261868784481853,0.021580349653959274
STY_fig1b.xlsx,STY_fig1b,STY,70.00,t_res,-ln(1-conversion),1.4459828278923759,0.021680090576410294
STY_fig1b.xlsx,STY_fig1b,STY,70.00,t_res,-ln(1-conversion),1.4657787773365665,0.021780533716082573
STY_fig1b.xlsx,STY_fig1b,STY,70.00,t_res,-ln(1-conversion),1.4855747267807573,0.02188168279826641
STY_fig1b.xlsx,STY_fig1b,STY,70.00,t_res,-ln(1-conversion),1.505370676224948,0.021983545273542404
STY_fig1b.xlsx,STY_fig1b,STY,70.00,t_res,-ln(1-conversion),1.5251666256691385,0.02208613231778145
STY_fig1b.xlsx,STY_fig1b,STY,70.00,t_res,-ln(1-conversion),1.5449625751133291,0.022189447656273842
STY_fig1b.xlsx,STY_fig1b,STY,70.00,t_res,-ln(1-conversion),1.56475852455752,0.02229349873960018
STY_fig1b.xlsx,STY_fig1b,STY,70.00,t_res,-ln(1-conversion),1.5845544740017106,0.022398294880986214
STY_fig1b.xlsx,STY_fig1b,STY,70.00,t_res,-ln(1-conversion),1.6043504234459012,0.022503847256302834
STY_fig1b.xlsx,STY_fig1b,STY,70.00,t_res,-ln(1-conversion),1.6241463728900918,0.02261015959084034
STY_fig1b.xlsx,STY_fig1b,STY,70.00,t_res,-ln(1-conversion),1.6439423223342824,0.022717250511050224
STY_fig1b.xlsx,STY_fig1b,STY,70.00,t_res,-ln(1-conversion),1.663738271778473,0.022825121879577637
STY_fig1b.xlsx,STY_fig1b,STY,70.00,t_res,-ln(1-conversion),1.6835342212226636,0.02293379046022892
STY_fig1b.xlsx,STY_fig1b,STY,70.00,t_res,-ln(1-conversion),1.7033301706668544,0.02304326370358467
STY_fig1b.xlsx,STY_fig1b,STY,70.00,t_res,-ln(1-conversion),1.723126120111045,0.023153558373451233
STY_fig1b.xlsx,STY_fig1b,STY,70.00,t_res,-ln(1-conversion),1.7429220695552357,0.023264683783054352
STY_fig1b.xlsx,STY_fig1b,STY,70.00,t_res,-ln(1-conversion),1.7627180189994265,0.02337665483355522
STY_fig1b.xlsx,STY_fig1b,STY,70.00,t_res,-ln(1-conversion),1.782513968443617,0.023489486426115036
STY_fig1b.xlsx,STY_fig1b,STY,70.00,t_res,-ln(1-conversion),1.8023099178878077,0.02360319159924984
STY_fig1b.xlsx,STY_fig1b,STY,70.00,t_res,-ln(1-conversion),1.8221058673319983,0.023717787116765976
STY_fig1b.xlsx,STY_fig1b,STY,70.00,t_res,-ln(1-conversion),1.841901816776189,0.023833289742469788
STY_fig1b.xlsx,STY_fig1b,STY,70.00,t_res,-ln(1-conversion),1.8616977662203795,0.023949718102812767
STY_fig1b.xlsx,STY_fig1b,STY,70.00,t_res,-ln(1-conversion),1.8814937156645701,0.024067088961601257
STY_fig1b.xlsx,STY_fig1b,STY,70.00,t_res,-ln(1-conversion),1.9012896651087607,0.0241854228079319
STY_fig1b.xlsx,STY_fig1b,STY,70.00,t_res,-ln(1-conversion),1.9210856145529516,0.02430473454296589
STY_fig1b.xlsx,STY_fig1b,STY,70.00,t_res,-ln(1-conversion),1.9408815639971422,0.024425048381090164
STY_fig1b.xlsx,STY_fig1b,STY,70.00,t_res,-ln(1-conversion),1.9606775134413328,0.024546384811401367
STY_fig1b.xlsx,STY_fig1b,STY,70.00,t_res,-ln(1-conversion),1.9804734628855236,0.024668768048286438
STY_fig1b.xlsx,STY_fig1b,STY,70.00,t_res,-ln(1-conversion),2.0002694123297142,0.02479221299290657
STY_fig1b.xlsx,STY_fig1b,STY,70.00,t_res,-ln(1-conversion),2.020065361773905,0.024916749447584152
STY_fig1b.xlsx,STY_fig1b,STY,70.00,t_res,-ln(1-conversion),2.0398613112180954,0.025042399764060974
STY_fig1b.xlsx,STY_fig1b,STY,70.00,t_res,-ln(1-conversion),2.059657260662286,0.025169188156723976
STY_fig1b.xlsx,STY_fig1b,STY,70.00,t_res,-ln(1-conversion),2.0794532101064767,0.0252971351146698
STY_fig1b.xlsx,STY_fig1b,STY,70.00,t_res,-ln(1-conversion),2.0992491595506673,0.025426268577575684
STY_fig1b.xlsx,STY_fig1b,STY,70.00,t_res,-ln(1-conversion),2.1190451089948583,0.02555661089718342
STY_fig1b.xlsx,STY_fig1b,STY,70.00,t_res,-ln(1-conversion),2.1388410584390485,0.025688190013170242
STY_fig1b.xlsx,STY_fig1b,STY,70.00,t_res,-ln(1-conversion),2.1586370078832395,0.025821026414632797
STY_fig1b.xlsx,STY_fig1b,STY,70.00,t_res,-ln(1-conversion),2.1784329573274297,0.025955146178603172
STY_fig1b.xlsx,STY_fig1b,STY,70.00,t_res,-ln(1-conversion),2.1982289067716207,0.02609056979417801
STY_fig1b.xlsx,STY_fig1b,STY,70.00,t_res,-ln(1-conversion),2.2180248562158114,0.026227323338389397
STY_fig1b.xlsx,STY_fig1b,STY,70.00,t_res,-ln(1-conversion),2.237820805660002,0.02636542171239853
STY_fig1b.xlsx,STY_fig1b,STY,70.00,t_res,-ln(1-conversion),2.2576167551041926,0.026504889130592346
STY_fig1b.xlsx,STY_fig1b,STY,70.00,t_res,-ln(1-conversion),2.277412704548383,0.026645740494132042
STY_fig1b.xlsx,STY_fig1b,STY,70.00,t_res,-ln(1-conversion),2.297208653992574,0.02678799442946911
STY_fig1b.xlsx,STY_fig1b,STY,70.00,t_res,-ln(1-conversion),2.3170046034367644,0.02693166397511959
STY_fig1b.xlsx,STY_fig1b,STY,70.00,t_res,-ln(1-conversion),2.3368005528809555,0.027076754719018936
STY_fig1b.xlsx,STY_fig1b,STY,70.00,t_res,-ln(1-conversion),2.3565965023251456,0.02722327783703804
STY_fig1b.xlsx,STY_fig1b,STY,70.00,t_res,-ln(1-conversion),2.3763924517693367,0.027371235191822052
STY_fig1b.xlsx,STY_fig1b,STY,70.00,t_res,-ln(1-conversion),2.396188401213527,0.02752062864601612
STY_fig1b.xlsx,STY_fig1b,STY,70.00,t_res,-ln(1-conversion),2.415984350657718,0.02767145074903965
STY_fig1b.xlsx,STY_fig1b,STY,70.00,t_res,-ln(1-conversion),2.4357803001019085,0.027823690325021744
STY_fig1b.xlsx,STY_fig1b,STY,70.00,t_res,-ln(1-conversion),2.455576249546099,0.027977336198091507
STY_fig1b.xlsx,STY_fig1b,STY,70.00,t_res,-ln(1-conversion),2.4753721989902897,0.028132364153862
STY_fig1b.xlsx,STY_fig1b,STY,70.00,t_res,-ln(1-conversion),2.4951681484344803,0.02828875184059143
STY_fig1b.xlsx,STY_fig1b,STY,70.00,t_res,-ln(1-conversion),2.514964097878671,0.028446460142731667
STY_fig1b.xlsx,STY_fig1b,STY,70.00,t_res,-ln(1-conversion),2.5347600473228615,0.028605453670024872
STY_fig1b.xlsx,STY_fig1b,STY,70.00,t_res,-ln(1-conversion),2.5545559967670526,0.028765683993697166
STY_fig1b.xlsx,STY_fig1b,STY,70.00,t_res,-ln(1-conversion),2.5743519462112427,0.028927098959684372
STY_fig1b.xlsx,STY_fig1b,STY,70.00,t_res,-ln(1-conversion),2.594147895655434,0.029089637100696564
STY_fig1b.xlsx,STY_fig1b,STY,70.00,t_res,-ln(1-conversion),2.613943845099624,0.029253225773572922
STY_fig1b.xlsx,STY_fig1b,STY,70.00,t_res,-ln(1-conversion),2.633739794543815,0.029417792335152626
STY_fig1b.xlsx,STY_fig1b,STY,70.00,t_res,-ln(1-conversion),2.6535357439880056,0.02958325296640396
STY_fig1b.xlsx,STY_fig1b,STY,70.00,t_res,-ln(1-conversion),2.6733316934321962,0.029749516397714615
STY_fig1b.xlsx,STY_fig1b,STY,70.00,t_res,-ln(1-conversion),2.693127642876387,0.02991648204624653
STY_fig1b.xlsx,STY_fig1b,STY,70.00,t_res,-ln(1-conversion),2.7129235923205774,0.030084045603871346
STY_fig1b.xlsx,STY_fig1b,STY,70.00,t_res,-ln(1-conversion),2.732719541764768,0.03025210276246071
STY_fig1b.xlsx,STY_fig1b,STY,70.00,t_res,-ln(1-conversion),2.7525154912089587,0.03042052686214447
STY_fig1b.xlsx,STY_fig1b,STY,70.00,t_res,-ln(1-conversion),2.7723114406531497,0.03058920055627823
STY_fig1b.xlsx,STY_fig1b,STY,70.00,t_res,-ln(1-conversion),2.79210739009734,0.030757997184991837
STY_fig1b.xlsx,STY_fig1b,STY,70.00,t_res,-ln(1-conversion),2.811903339541531,0.030926786363124847
STY_fig1b.xlsx,STY_fig1b,STY,70.00,t_res,-ln(1-conversion),2.831699288985721,0.031095435842871666
STY_fig1b.xlsx,STY_fig1b,STY,70.00,t_res,-ln(1-conversion),2.851495238429912,0.0312638059258461
STY_fig1b.xlsx,STY_fig1b,STY,70.00,t_res,-ln(1-conversion),2.8712911878741028,0.03143176808953285
STY_fig1b.xlsx,STY_fig1b,STY,70.00,t_res,-ln(1-conversion),2.8910871373182934,0.03159918636083603
STY_fig1b.xlsx,STY_fig1b,STY,70.00,t_res,-ln(1-conversion),2.910883086762484,0.03176592290401459
STY_fig1b.xlsx,STY_fig1b,STY,70.00,t_res,-ln(1-conversion),2.9306790362066746,0.03193184733390808
STY_fig1b.xlsx,STY_fig1b,STY,70.00,t_res,-ln(1-conversion),2.9504749856508656,0.03209683299064636
STY_fig1b.xlsx,STY_fig1b,STY,70.00,t_res,-ln(1-conversion),2.970270935095056,0.03226075693964958
STY_fig1b.xlsx,STY_fig1b,STY,70.00,t_res,-ln(1-conversion),2.990066884539247,0.03242350369691849
STY_fig1b.xlsx,STY_fig1b,STY,70.00,t_res,-ln(1-conversion),3.0098628339834375,0.032584961503744125
STY_fig1b.xlsx,STY_fig1b,STY,70.00,t_res,-ln(1-conversion),3.029658783427628,0.03274502977728844
STY_fig1b.xlsx,STY_fig1b,STY,70.00,t_res,-ln(1-conversion),3.0494547328718187,0.03290361538529396
STY_fig1b.xlsx,STY_fig1b,STY,70.00,t_res,-ln(1-conversion),3.0692506823160093,0.03306063264608383
STY_fig1b.xlsx,STY_fig1b,STY,70.00,t_res,-ln(1-conversion),3.0890466317602,0.03321601450443268
STY_fig1b.xlsx,STY_fig1b,STY,70.00,t_res,-ln(1-conversion),3.1088425812043905,0.03336969390511513
STY_fig1b.xlsx,STY_fig1b,STY,70.00,t_res,-ln(1-conversion),3.128638530648581,0.0335216224193573
STY_fig1b.xlsx,STY_fig1b,STY,70.00,t_res,-ln(1-conversion),3.1484344800927717,0.03367176279425621
STY_fig1b.xlsx,STY_fig1b,STY,70.00,t_res,-ln(1-conversion),3.1682304295369623,0.03382008895277977
STY_fig1b.xlsx,STY_fig1b,STY,70.00,t_res,-ln(1-conversion),3.188026378981153,0.033966585993766785
STY_fig1b.xlsx,STY_fig1b,STY,70.00,t_res,-ln(1-conversion),3.2078223284253435,0.03411125764250755
STY_fig1b.xlsx,STY_fig1b,STY,70.00,t_res,-ln(1-conversion),3.2276182778695346,0.03425411134958267
STY_fig1b.xlsx,STY_fig1b,STY,70.00,t_res,-ln(1-conversion),3.247414227313725,0.03439517319202423
STY_fig1b.xlsx,STY_fig1b,STY,70.00,t_res,-ln(1-conversion),3.267210176757916,0.03453448414802551
STY_fig1b.xlsx,STY_fig1b,STY,70.00,t_res,-ln(1-conversion),3.2870061262021064,0.0346720889210701
STY_fig1b.xlsx,STY_fig1b,STY,70.00,t_res,-ln(1-conversion),3.306802075646297,0.034808043390512466
STY_fig1b.xlsx,STY_fig1b,STY,70.00,t_res,-ln(1-conversion),3.3265980250904876,0.03494242578744888
STY_fig1b.xlsx,STY_fig1b,STY,70.00,t_res,-ln(1-conversion),3.3463939745346782,0.03507531061768532
STY_fig1b.xlsx,STY_fig1b,STY,70.00,t_res,-ln(1-conversion),3.366189923978869,0.03520679101347923
STY_fig1b.xlsx,STY_fig1b,STY,70.00,t_res,-ln(1-conversion),3.3859858734230595,0.03533695638179779
STY_fig1b.xlsx,STY_fig1b,STY,70.00,t_res,-ln(1-conversion),3.40578182286725,0.035465922206640244
STY_fig1b.xlsx,STY_fig1b,STY,70.00,t_res,-ln(1-conversion),3.425577772311441,0.03559379652142525
STY_fig1b.xlsx,STY_fig1b,STY,70.00,t_res,-ln(1-conversion),3.4453737217556317,0.03572069853544235
STY_fig1b.xlsx,STY_fig1b,STY,70.00,t_res,-ln(1-conversion),3.4651696711998223,0.03584674373269081
STY_fig1b.xlsx,STY_fig1b,STY,70.00,t_res,-ln(1-conversion),3.484965620644013,0.03597205877304077
STY_fig1b.xlsx,STY_fig1b,STY,70.00,t_res,-ln(1-conversion),3.5047615700882035,0.03609677776694298
STY_fig1b.xlsx,STY_fig1b,STY,70.00,t_res,-ln(1-conversion),3.524557519532394,0.03622101992368698
STY_fig1b.xlsx,STY_fig1b,STY,70.00,t_res,-ln(1-conversion),3.5443534689765848,0.036344923079013824
STY_fig1b.xlsx,STY_fig1b,STY,70.00,t_res,-ln(1-conversion),3.5641494184207754,0.03646860271692276
STY_fig1b.xlsx,STY_fig1b,STY,70.00,t_res,-ln(1-conversion),3.583945367864966,0.03659219294786453
STY_fig1b.xlsx,STY_fig1b,STY,70.00,t_res,-ln(1-conversion),3.6037413173091566,0.03671581298112869
STY_fig1b.xlsx,STY_fig1b,STY,70.00,t_res,-ln(1-conversion),3.623537266753347,0.03683957830071449
STY_fig1b.xlsx,STY_fig1b,STY,70.00,t_res,-ln(1-conversion),3.6433332161975382,0.03696359321475029
STY_fig1b.xlsx,STY_fig1b,STY,70.00,t_res,-ln(1-conversion),3.663129165641729,0.037087973207235336
STY_fig1b.xlsx,STY_fig1b,STY,70.00,t_res,-ln(1-conversion),3.6829251150859195,0.0372128039598465
STY_fig1b.xlsx,STY_fig1b,STY,70.00,t_res,-ln(1-conversion),3.70272106453011,0.037338171154260635
STY_fig1b.xlsx,STY_fig1b,STY,70.00,t_res,-ln(1-conversion),3.7225170139743007,0.03746415674686432
STY_fig1b.xlsx,STY_fig1b,STY,70.00,t_res,-ln(1-conversion),3.7423129634184913,0.03759082779288292
STY_fig1b.xlsx,STY_fig1b,STY,70.00,t_res,-ln(1-conversion),3.762108912862682,0.037718236446380615
STY_fig1b.xlsx,STY_fig1b,STY,70.00,t_res,-ln(1-conversion),3.7819048623068725,0.03784642368555069
STY_fig1b.xlsx,STY_fig1b,STY,70.00,t_res,-ln(1-conversion),3.801700811751063,0.03797541931271553
STY_fig1b.xlsx,STY_fig1b,STY,70.00,t_res,-ln(1-conversion),3.8214967611952537,0.03810524940490723
STY_fig1b.xlsx,STY_fig1b,STY,70.00,t_res,-ln(1-conversion),3.8412927106394448,0.03823591023683548
STY_fig1b.xlsx,STY_fig1b,STY,70.00,t_res,-ln(1-conversion),3.8610886600836354,0.03836739808320999
STY_fig1b.xlsx,STY_fig1b,STY,70.00,t_res,-ln(1-conversion),3.880884609527826,0.03849969431757927
STY_fig1b.xlsx,STY_fig1b,STY,70.00,t_res,-ln(1-conversion),3.9006805589720166,0.03863275796175003
STY_fig1b.xlsx,STY_fig1b,STY,70.00,t_res,-ln(1-conversion),3.920476508416207,0.03876655176281929
STY_fig1b.xlsx,STY_fig1b,STY,70.00,t_res,-ln(1-conversion),3.940272457860398,0.03890101984143257
STY_fig1b.xlsx,STY_fig1b,STY,70.00,t_res,-ln(1-conversion),3.9600684073045884,0.039036091417074203
STY_fig1b.xlsx,STY_fig1b,STY,70.00,t_res,-ln(1-conversion),3.979864356748779,0.03917168825864792
STY_fig1b.xlsx,STY_fig1b,STY,70.00,t_res,-ln(1-conversion),3.9996603061929696,0.03930772468447685
STY_fig1b.xlsx,STY_fig1b,STY,70.00,t_res,-ln(1-conversion),4.01945625563716,0.03944410756230354
STY_fig1b.xlsx,STY_fig1b,STY,70.00,t_res,-ln(1-conversion),4.03925220508135,0.03958073630928993
STY_fig1b.xlsx,STY_fig1b,STY,70.00,t_res,-ln(1-conversion),4.0590481545255415,0.039717502892017365
STY_fig1b.xlsx,STY_fig1b,STY,70.00,t_res,-ln(1-conversion),4.0788441039697325,0.03985429182648659
STY_fig1b.xlsx,STY_fig1b,STY,70.00,t_res,-ln(1-conversion),4.098640053413924,0.03999099135398865
STY_fig1b.xlsx,STY_fig1b,STY,70.00,t_res,-ln(1-conversion),4.118436002858114,0.04012748599052429
STY_fig1b.xlsx,STY_fig1b,STY,70.00,t_res,-ln(1-conversion),4.138231952302304,0.04026365280151367
STY_fig1b.xlsx,STY_fig1b,STY,70.00,t_res,-ln(1-conversion),4.158027901746495,0.04039938747882843
STY_fig1b.xlsx,STY_fig1b,STY,70.00,t_res,-ln(1-conversion),4.177823851190686,0.04053455591201782
STY_fig1b.xlsx,STY_fig1b,STY,70.00,t_res,-ln(1-conversion),4.197619800634876,0.04066905379295349
STY_fig1b.xlsx,STY_fig1b,STY,70.00,t_res,-ln(1-conversion),4.217415750079066,0.04080277308821678
STY_fig1b.xlsx,STY_fig1b,STY,70.00,t_res,-ln(1-conversion),4.237211699523257,0.04093560576438904
STY_fig1b.xlsx,STY_fig1b,STY,70.00,t_res,-ln(1-conversion),4.257007648967448,0.0410674549639225
STY_fig1b.xlsx,STY_fig1b,STY,70.00,t_res,-ln(1-conversion),4.2768035984116395,0.04119822382926941
STY_fig1b.xlsx,STY_fig1b,STY,70.00,t_res,-ln(1-conversion),4.29659954785583,0.0413278266787529
STY_fig1b.xlsx,STY_fig1b,STY,70.00,t_res,-ln(1-conversion),4.31639549730002,0.041456189006567
STY_fig1b.xlsx,STY_fig1b,STY,70.00,t_res,-ln(1-conversion),4.336191446744211,0.04158323258161545
STY_fig1b.xlsx,STY_fig1b,STY,70.00,t_res,-ln(1-conversion),4.355987396188402,0.041708894073963165
STY_fig1b.xlsx,STY_fig1b,STY,70.00,t_res,-ln(1-conversion),4.375783345632592,0.041833117604255676
STY_fig1b.xlsx,STY_fig1b,STY,70.00,t_res,-ln(1-conversion),4.395579295076782,0.0419558547437191
STY_fig1b.xlsx,STY_fig1b,STY,70.00,t_res,-ln(1-conversion),4.415375244520973,0.042077064514160156
STY_fig1b.xlsx,STY_fig1b,STY,70.00,t_res,-ln(1-conversion),4.435171193965164,0.042196713387966156
STY_fig1b.xlsx,STY_fig1b,STY,70.00,t_res,-ln(1-conversion),4.4549671434093545,0.04231477528810501
STY_fig1b.xlsx,STY_fig1b,STY,70.00,t_res,-ln(1-conversion),4.474763092853545,0.04243123531341553
STY_fig1b.xlsx,STY_fig1b,STY,70.00,t_res,-ln(1-conversion),4.494559042297736,0.04254607856273651
STY_fig1b.xlsx,STY_fig1b,STY,70.00,t_res,-ln(1-conversion),4.514354991741927,0.04265930503606796
STY_fig1b.xlsx,STY_fig1b,STY,70.00,t_res,-ln(1-conversion),4.534150941186118,0.04277091473340988
STY_fig1b.xlsx,STY_fig1b,STY,70.00,t_res,-ln(1-conversion),4.553946890630308,0.04288090765476227
STY_fig1b.xlsx,STY_fig1b,STY,70.00,t_res,-ln(1-conversion),4.573742840074498,0.04298930987715721
STY_fig1b.xlsx,STY_fig1b,STY,70.00,t_res,-ln(1-conversion),4.593538789518689,0.04309613257646561
STY_fig1b.xlsx,STY_fig1b,STY,70.00,t_res,-ln(1-conversion),4.61333473896288,0.04320139437913895
STY_fig1b.xlsx,STY_fig1b,STY,70.00,t_res,-ln(1-conversion),4.63313068840707,0.04330512881278992
STY_fig1b.xlsx,STY_fig1b,STY,70.00,t_res,-ln(1-conversion),4.652926637851261,0.04340736195445061
STY_fig1b.xlsx,STY_fig1b,STY,70.00,t_res,-ln(1-conversion),4.672722587295452,0.043508127331733704
STY_fig1b.xlsx,STY_fig1b,STY,70.00,t_res,-ln(1-conversion),4.692518536739643,0.043607454746961594
STY_fig1b.xlsx,STY_fig1b,STY,70.00,t_res,-ln(1-conversion),4.712314486183834,0.04370538517832756
STY_fig1b.xlsx,STY_fig1b,STY,70.00,t_res,-ln(1-conversion),4.732110435628024,0.04380195960402489
STY_fig1b.xlsx,STY_fig1b,STY,70.00,t_res,-ln(1-conversion),4.751906385072214,0.04389721155166626
STY_fig1b.xlsx,STY_fig1b,STY,70.00,t_res,-ln(1-conversion),4.771702334516405,0.04399119317531586
STY_fig1b.xlsx,STY_fig1b,STY,70.00,t_res,-ln(1-conversion),4.791498283960596,0.044083934277296066
STY_fig1b.xlsx,STY_fig1b,STY,70.00,t_res,-ln(1-conversion),4.811294233404786,0.044175487011671066
STY_fig1b.xlsx,STY_fig1b,STY,70.00,t_res,-ln(1-conversion),4.8310901828489765,0.04426588863134384
STY_fig1b.xlsx,STY_fig1b,STY,70.00,t_res,-ln(1-conversion),4.850886132293168,0.04435518756508827
STY_fig1b.xlsx,STY_fig1b,STY,70.00,t_res,-ln(1-conversion),4.870682081737359,0.04444342106580734
STY_fig1b.xlsx,STY_fig1b,STY,70.00,t_res,-ln(1-conversion),4.890478031181549,0.044530630111694336
STY_fig1b.xlsx,STY_fig1b,STY,70.00,t_res,-ln(1-conversion),4.91027398062574,0.044616855680942535
STY_fig1b.xlsx,STY_fig1b,STY,70.00,t_res,-ln(1-conversion),4.93006993006993,0.04470214247703552
STY_fig1b.xlsx,STY_fig1b,STY,80.00,t_res,-ln(1-conversion),0.990675990675991,0.02488577365875244
STY_fig1b.xlsx,STY_fig1b,STY,80.00,t_res,-ln(1-conversion),1.010764779609001,0.02498782053589821
STY_fig1b.xlsx,STY_fig1b,STY,80.00,t_res,-ln(1-conversion),1.030853568542011,0.025090426206588745
STY_fig1b.xlsx,STY_fig1b,STY,80.00,t_res,-ln(1-conversion),1.050942357475021,0.025193605571985245
STY_fig1b.xlsx,STY_fig1b,STY,80.00,t_res,-ln(1-conversion),1.0710311464080309,0.025297360494732857
STY_fig1b.xlsx,STY_fig1b,STY,80.00,t_res,-ln(1-conversion),1.091119935341041,0.025401700288057327
STY_fig1b.xlsx,STY_fig1b,STY,80.00,t_res,-ln(1-conversion),1.111208724274051,0.025506634265184402
STY_fig1b.xlsx,STY_fig1b,STY,80.00,t_res,-ln(1-conversion),1.1312975132070608,0.02561216987669468
STY_fig1b.xlsx,STY_fig1b,STY,80.00,t_res,-ln(1-conversion),1.151386302140071,0.025718314573168755
STY_fig1b.xlsx,STY_fig1b,STY,80.00,t_res,-ln(1-conversion),1.171475091073081,0.025825081393122673
STY_fig1b.xlsx,STY_fig1b,STY,80.00,t_res,-ln(1-conversion),1.191563880006091,0.02593247778713703
STY_fig1b.xlsx,STY_fig1b,STY,80.00,t_res,-ln(1-conversion),1.211652668939101,0.026040520519018173
STY_fig1b.xlsx,STY_fig1b,STY,80.00,t_res,-ln(1-conversion),1.2317414578721109,0.026149215176701546
STY_fig1b.xlsx,STY_fig1b,STY,80.00,t_res,-ln(1-conversion),1.251830246805121,0.026258574798703194
STY_fig1b.xlsx,STY_fig1b,STY,80.00,t_res,-ln(1-conversion),1.271919035738131,0.02636861614882946
STY_fig1b.xlsx,STY_fig1b,STY,80.00,t_res,-ln(1-conversion),1.292007824671141,0.02647935412824154
STY_fig1b.xlsx,STY_fig1b,STY,80.00,t_res,-ln(1-conversion),1.312096613604151,0.026590798050165176
STY_fig1b.xlsx,STY_fig1b,STY,80.00,t_res,-ln(1-conversion),1.332185402537161,0.026702966541051865
STY_fig1b.xlsx,STY_fig1b,STY,80.00,t_res,-ln(1-conversion),1.3522741914701708,0.026815874502062798
STY_fig1b.xlsx,STY_fig1b,STY,80.00,t_res,-ln(1-conversion),1.372362980403181,0.026929542422294617
STY_fig1b.xlsx,STY_fig1b,STY,80.00,t_res,-ln(1-conversion),1.3924517693361909,0.027043987065553665
STY_fig1b.xlsx,STY_fig1b,STY,80.00,t_res,-ln(1-conversion),1.412540558269201,0.027159228920936584
STY_fig1b.xlsx,STY_fig1b,STY,80.00,t_res,-ln(1-conversion),1.432629347202211,0.027275286614894867
STY_fig1b.xlsx,STY_fig1b,STY,80.00,t_res,-ln(1-conversion),1.4527181361352208,0.027392182499170303
STY_fig1b.xlsx,STY_fig1b,STY,80.00,t_res,-ln(1-conversion),1.4728069250682307,0.027509940788149834
STY_fig1b.xlsx,STY_fig1b,STY,80.00,t_res,-ln(1-conversion),1.4928957140012409,0.027628585696220398
STY_fig1b.xlsx,STY_fig1b,STY,80.00,t_res,-ln(1-conversion),1.512984502934251,0.027748137712478638
STY_fig1b.xlsx,STY_fig1b,STY,80.00,t_res,-ln(1-conversion),1.533073291867261,0.02786862663924694
STY_fig1b.xlsx,STY_fig1b,STY,80.00,t_res,-ln(1-conversion),1.5531620808002709,0.027990080416202545
STY_fig1b.xlsx,STY_fig1b,STY,80.00,t_res,-ln(1-conversion),1.5732508697332808,0.02811252698302269
STY_fig1b.xlsx,STY_fig1b,STY,80.00,t_res,-ln(1-conversion),1.593339658666291,0.02823599800467491
STY_fig1b.xlsx,STY_fig1b,STY,80.00,t_res,-ln(1-conversion),1.6134284475993008,0.02836052142083645
STY_fig1b.xlsx,STY_fig1b,STY,80.00,t_res,-ln(1-conversion),1.633517236532311,0.028486128896474838
STY_fig1b.xlsx,STY_fig1b,STY,80.00,t_res,-ln(1-conversion),1.6536060254653209,0.028612857684493065
STY_fig1b.xlsx,STY_fig1b,STY,80.00,t_res,-ln(1-conversion),1.6736948143983308,0.028740739449858665
STY_fig1b.xlsx,STY_fig1b,STY,80.00,t_res,-ln(1-conversion),1.6937836033313407,0.028869813308119774
STY_fig1b.xlsx,STY_fig1b,STY,80.00,t_res,-ln(1-conversion),1.7138723922643508,0.029000114649534225
STY_fig1b.xlsx,STY_fig1b,STY,80.00,t_res,-ln(1-conversion),1.733961181197361,0.029131680727005005
STY_fig1b.xlsx,STY_fig1b,STY,80.00,t_res,-ln(1-conversion),1.754049970130371,0.029264552518725395
STY_fig1b.xlsx,STY_fig1b,STY,80.00,t_res,-ln(1-conversion),1.7741387590633808,0.02939876727759838
STY_fig1b.xlsx,STY_fig1b,STY,80.00,t_res,-ln(1-conversion),1.7942275479963907,0.029534365981817245
STY_fig1b.xlsx,STY_fig1b,STY,80.00,t_res,-ln(1-conversion),1.8143163369294006,0.02967139147222042
STY_fig1b.xlsx,STY_fig1b,STY,80.00,t_res,-ln(1-conversion),1.8344051258624108,0.02980988658964634
STY_fig1b.xlsx,STY_fig1b,STY,80.00,t_res,-ln(1-conversion),1.854493914795421,0.029949888586997986
STY_fig1b.xlsx,STY_fig1b,STY,80.00,t_res,-ln(1-conversion),1.8745827037284308,0.03009144589304924
STY_fig1b.xlsx,STY_fig1b,STY,80.00,t_res,-ln(1-conversion),1.8946714926614407,0.030234595760703087
STY_fig1b.xlsx,STY_fig1b,STY,80.00,t_res,-ln(1-conversion),1.9147602815944507,0.03037937916815281
STY_fig1b.xlsx,STY_fig1b,STY,80.00,t_res,-ln(1-conversion),1.9348490705274608,0.03052583895623684
STY_fig1b.xlsx,STY_fig1b,STY,80.00,t_res,-ln(1-conversion),1.9549378594604707,0.03067401424050331
STY_fig1b.xlsx,STY_fig1b,STY,80.00,t_res,-ln(1-conversion),1.9750266483934809,0.030823945999145508
STY_fig1b.xlsx,STY_fig1b,STY,80.00,t_res,-ln(1-conversion),1.9951154373264908,0.030975667759776115
STY_fig1b.xlsx,STY_fig1b,STY,80.00,t_res,-ln(1-conversion),2.0152042262595007,0.03112921677529812
STY_fig1b.xlsx,STY_fig1b,STY,80.00,t_res,-ln(1-conversion),2.0352930151925106,0.031284626573324203
STY_fig1b.xlsx,STY_fig1b,STY,80.00,t_res,-ln(1-conversion),2.0553818041255205,0.03144192323088646
STY_fig1b.xlsx,STY_fig1b,STY,80.00,t_res,-ln(1-conversion),2.0754705930585304,0.03160113841295242
STY_fig1b.xlsx,STY_fig1b,STY,80.00,t_res,-ln(1-conversion),2.095559381991541,0.03176228702068329
STY_fig1b.xlsx,STY_fig1b,STY,80.00,t_res,-ln(1-conversion),2.1156481709245507,0.03192540258169174
STY_fig1b.xlsx,STY_fig1b,STY,80.00,t_res,-ln(1-conversion),2.1357369598575606,0.03209048509597778
STY_fig1b.xlsx,STY_fig1b,STY,80.00,t_res,-ln(1-conversion),2.155825748790571,0.0322575569152832
STY_fig1b.xlsx,STY_fig1b,STY,80.00,t_res,-ln(1-conversion),2.175914537723581,0.0324266143143177
STY_fig1b.xlsx,STY_fig1b,STY,80.00,t_res,-ln(1-conversion),2.196003326656591,0.03259766101837158
STY_fig1b.xlsx,STY_fig1b,STY,80.00,t_res,-ln(1-conversion),2.2160921155896007,0.03277068957686424
STY_fig1b.xlsx,STY_fig1b,STY,80.00,t_res,-ln(1-conversion),2.2361809045226106,0.03294568881392479
STY_fig1b.xlsx,STY_fig1b,STY,80.00,t_res,-ln(1-conversion),2.2562696934556206,0.03312263637781143
STY_fig1b.xlsx,STY_fig1b,STY,80.00,t_res,-ln(1-conversion),2.2763584823886305,0.03330150991678238
STY_fig1b.xlsx,STY_fig1b,STY,80.00,t_res,-ln(1-conversion),2.2964472713216404,0.033482275903224945
STY_fig1b.xlsx,STY_fig1b,STY,80.00,t_res,-ln(1-conversion),2.3165360602546508,0.033664897084236145
STY_fig1b.xlsx,STY_fig1b,STY,80.00,t_res,-ln(1-conversion),2.3366248491876607,0.0338493287563324
STY_fig1b.xlsx,STY_fig1b,STY,80.00,t_res,-ln(1-conversion),2.3567136381206706,0.03403551131486893
STY_fig1b.xlsx,STY_fig1b,STY,80.00,t_res,-ln(1-conversion),2.376802427053681,0.034223396331071854
STY_fig1b.xlsx,STY_fig1b,STY,80.00,t_res,-ln(1-conversion),2.396891215986691,0.03441290929913521
STY_fig1b.xlsx,STY_fig1b,STY,80.00,t_res,-ln(1-conversion),2.4169800049197008,0.034603990614414215
STY_fig1b.xlsx,STY_fig1b,STY,80.00,t_res,-ln(1-conversion),2.4370687938527107,0.03479655459523201
STY_fig1b.xlsx,STY_fig1b,STY,80.00,t_res,-ln(1-conversion),2.4571575827857206,0.03499052673578262
STY_fig1b.xlsx,STY_fig1b,STY,80.00,t_res,-ln(1-conversion),2.4772463717187305,0.03518582507967949
STY_fig1b.xlsx,STY_fig1b,STY,80.00,t_res,-ln(1-conversion),2.4973351606517404,0.03538236394524574
STY_fig1b.xlsx,STY_fig1b,STY,80.00,t_res,-ln(1-conversion),2.5174239495847504,0.03558005020022392
STY_fig1b.xlsx,STY_fig1b,STY,80.00,t_res,-ln(1-conversion),2.5375127385177607,0.035778798162937164
STY_fig1b.xlsx,STY_fig1b,STY,80.00,t_res,-ln(1-conversion),2.5576015274507706,0.035978518426418304
STY_fig1b.xlsx,STY_fig1b,STY,80.00,t_res,-ln(1-conversion),2.5776903163837805,0.03617911785840988
STY_fig1b.xlsx,STY_fig1b,STY,80.00,t_res,-ln(1-conversion),2.597779105316791,0.03638051450252533
STY_fig1b.xlsx,STY_fig1b,STY,80.00,t_res,-ln(1-conversion),2.617867894249801,0.03658262640237808
STY_fig1b.xlsx,STY_fig1b,STY,80.00,t_res,-ln(1-conversion),2.6379566831828107,0.03678536415100098
STY_fig1b.xlsx,STY_fig1b,STY,80.00,t_res,-ln(1-conversion),2.6580454721158207,0.03698866069316864
STY_fig1b.xlsx,STY_fig1b,STY,80.00,t_res,-ln(1-conversion),2.6781342610488306,0.037192441523075104
STY_fig1b.xlsx,STY_fig1b,STY,80.00,t_res,-ln(1-conversion),2.6982230499818405,0.03739664703607559
STY_fig1b.xlsx,STY_fig1b,STY,80.00,t_res,-ln(1-conversion),2.7183118389148504,0.03760121017694473
STY_fig1b.xlsx,STY_fig1b,STY,80.00,t_res,-ln(1-conversion),2.7384006278478603,0.03780609741806984
STY_fig1b.xlsx,STY_fig1b,STY,80.00,t_res,-ln(1-conversion),2.7584894167808707,0.038011256605386734
STY_fig1b.xlsx,STY_fig1b,STY,80.00,t_res,-ln(1-conversion),2.7785782057138806,0.03821665793657303
STY_fig1b.xlsx,STY_fig1b,STY,80.00,t_res,-ln(1-conversion),2.7986669946468905,0.03842226788401604
STY_fig1b.xlsx,STY_fig1b,STY,80.00,t_res,-ln(1-conversion),2.818755783579901,0.03862807899713516
STY_fig1b.xlsx,STY_fig1b,STY,80.00,t_res,-ln(1-conversion),2.838844572512911,0.03883407264947891
STY_fig1b.xlsx,STY_fig1b,STY,80.00,t_res,-ln(1-conversion),2.8589333614459207,0.039040252566337585
STY_fig1b.xlsx,STY_fig1b,STY,80.00,t_res,-ln(1-conversion),2.8790221503789306,0.03924661502242088
STY_fig1b.xlsx,STY_fig1b,STY,80.00,t_res,-ln(1-conversion),2.8991109393119405,0.0394531711935997
STY_fig1b.xlsx,STY_fig1b,STY,80.00,t_res,-ln(1-conversion),2.9191997282449504,0.03965993598103523
STY_fig1b.xlsx,STY_fig1b,STY,80.00,t_res,-ln(1-conversion),2.9392885171779604,0.03986692428588867
STY_fig1b.xlsx,STY_fig1b,STY,80.00,t_res,-ln(1-conversion),2.9593773061109703,0.04007415845990181
STY_fig1b.xlsx,STY_fig1b,STY,80.00,t_res,-ln(1-conversion),2.9794660950439806,0.04028166085481644
STY_fig1b.xlsx,STY_fig1b,STY,80.00,t_res,-ln(1-conversion),2.9995548839769905,0.040489450097084045
STY_fig1b.xlsx,STY_fig1b,STY,80.00,t_res,-ln(1-conversion),3.0196436729100005,0.04069754481315613
STY_fig1b.xlsx,STY_fig1b,STY,80.00,t_res,-ln(1-conversion),3.0397324618430104,0.040905967354774475
STY_fig1b.xlsx,STY_fig1b,STY,80.00,t_res,-ln(1-conversion),3.0598212507760207,0.04111473262310028
STY_fig1b.xlsx,STY_fig1b,STY,80.00,t_res,-ln(1-conversion),3.0799100397090307,0.04132384434342384
STY_fig1b.xlsx,STY_fig1b,STY,80.00,t_res,-ln(1-conversion),3.0999988286420406,0.04153331369161606
STY_fig1b.xlsx,STY_fig1b,STY,80.00,t_res,-ln(1-conversion),3.1200876175750505,0.04174313694238663
STY_fig1b.xlsx,STY_fig1b,STY,80.00,t_res,-ln(1-conversion),3.1401764065080604,0.04195329546928406
STY_fig1b.xlsx,STY_fig1b,STY,80.00,t_res,-ln(1-conversion),3.1602651954410703,0.042163774371147156
STY_fig1b.xlsx,STY_fig1b,STY,80.00,t_res,-ln(1-conversion),3.1803539843740807,0.042374543845653534
STY_fig1b.xlsx,STY_fig1b,STY,80.00,t_res,-ln(1-conversion),3.2004427733070906,0.04258555918931961
STY_fig1b.xlsx,STY_fig1b,STY,80.00,t_res,-ln(1-conversion),3.2205315622401005,0.042796775698661804
STY_fig1b.xlsx,STY_fig1b,STY,80.00,t_res,-ln(1-conversion),3.2406203511731104,0.04300813004374504
STY_fig1b.xlsx,STY_fig1b,STY,80.00,t_res,-ln(1-conversion),3.2607091401061203,0.04321954771876335
STY_fig1b.xlsx,STY_fig1b,STY,80.00,t_res,-ln(1-conversion),3.2807979290391303,0.04343095421791077
STY_fig1b.xlsx,STY_fig1b,STY,80.00,t_res,-ln(1-conversion),3.3008867179721406,0.043642252683639526
STY_fig1b.xlsx,STY_fig1b,STY,80.00,t_res,-ln(1-conversion),3.3209755069051505,0.043853338807821274
STY_fig1b.xlsx,STY_fig1b,STY,80.00,t_res,-ln(1-conversion),3.3410642958381604,0.04406410828232765
STY_fig1b.xlsx,STY_fig1b,STY,80.00,t_res,-ln(1-conversion),3.3611530847711704,0.04427444189786911
STY_fig1b.xlsx,STY_fig1b,STY,80.00,t_res,-ln(1-conversion),3.3812418737041803,0.044484205543994904
STY_fig1b.xlsx,STY_fig1b,STY,80.00,t_res,-ln(1-conversion),3.4013306626371906,0.04469328373670578
STY_fig1b.xlsx,STY_fig1b,STY,80.00,t_res,-ln(1-conversion),3.4214194515702006,0.0449015274643898
STY_fig1b.xlsx,STY_fig1b,STY,80.00,t_res,-ln(1-conversion),3.4415082405032105,0.04510881006717682
STY_fig1b.xlsx,STY_fig1b,STY,80.00,t_res,-ln(1-conversion),3.4615970294362204,0.0453149788081646
STY_fig1b.xlsx,STY_fig1b,STY,80.00,t_res,-ln(1-conversion),3.4816858183692303,0.04551990330219269
STY_fig1b.xlsx,STY_fig1b,STY,80.00,t_res,-ln(1-conversion),3.50177460730224,0.045723430812358856
STY_fig1b.xlsx,STY_fig1b,STY,80.00,t_res,-ln(1-conversion),3.5218633962352506,0.04592543840408325
STY_fig1b.xlsx,STY_fig1b,STY,80.00,t_res,-ln(1-conversion),3.5419521851682605,0.04612576961517334
STY_fig1b.xlsx,STY_fig1b,STY,80.00,t_res,-ln(1-conversion),3.5620409741012704,0.046324312686920166
STY_fig1b.xlsx,STY_fig1b,STY,80.00,t_res,-ln(1-conversion),3.5821297630342803,0.04652092605829239
STY_fig1b.xlsx,STY_fig1b,STY,80.00,t_res,-ln(1-conversion),3.6022185519672902,0.046715497970581055
STY_fig1b.xlsx,STY_fig1b,STY,80.00,t_res,-ln(1-conversion),3.6223073409003006,0.04690790921449661
STY_fig1b.xlsx,STY_fig1b,STY,80.00,t_res,-ln(1-conversion),3.6423961298333105,0.047098055481910706
STY_fig1b.xlsx,STY_fig1b,STY,80.00,t_res,-ln(1-conversion),3.6624849187663204,0.04728583246469498
STY_fig1b.xlsx,STY_fig1b,STY,80.00,t_res,-ln(1-conversion),3.6825737076993303,0.04747116565704346
STY_fig1b.xlsx,STY_fig1b,STY,80.00,t_res,-ln(1-conversion),3.7026624966323403,0.04765396565198898
STY_fig1b.xlsx,STY_fig1b,STY,80.00,t_res,-ln(1-conversion),3.72275128556535,0.047834161669015884
STY_fig1b.xlsx,STY_fig1b,STY,80.00,t_res,-ln(1-conversion),3.7428400744983605,0.04801169037818909
STY_fig1b.xlsx,STY_fig1b,STY,80.00,t_res,-ln(1-conversion),3.7629288634313705,0.04818651080131531
STY_fig1b.xlsx,STY_fig1b,STY,80.00,t_res,-ln(1-conversion),3.7830176523643804,0.04835856705904007
STY_fig1b.xlsx,STY_fig1b,STY,80.00,t_res,-ln(1-conversion),3.8031064412973903,0.048527829349040985
STY_fig1b.xlsx,STY_fig1b,STY,80.00,t_res,-ln(1-conversion),3.8231952302304,0.04869427531957626
STY_fig1b.xlsx,STY_fig1b,STY,80.00,t_res,-ln(1-conversion),3.8432840191634106,0.04885789006948471
STY_fig1b.xlsx,STY_fig1b,STY,80.00,t_res,-ln(1-conversion),3.8633728080964205,0.04901865869760513
STY_fig1b.xlsx,STY_fig1b,STY,80.00,t_res,-ln(1-conversion),3.8834615970294304,0.04917658865451813
STY_fig1b.xlsx,STY_fig1b,STY,80.00,t_res,-ln(1-conversion),3.9035503859624403,0.049331679940223694
STY_fig1b.xlsx,STY_fig1b,STY,80.00,t_res,-ln(1-conversion),3.92363917489545,0.049483947455883026
STY_fig1b.xlsx,STY_fig1b,STY,80.00,t_res,-ln(1-conversion),3.94372796382846,0.049633413553237915
STY_fig1b.xlsx,STY_fig1b,STY,80.00,t_res,-ln(1-conversion),3.9638167527614705,0.04978009685873985
STY_fig1b.xlsx,STY_fig1b,STY,80.00,t_res,-ln(1-conversion),3.9839055416944804,0.049924030900001526
STY_fig1b.xlsx,STY_fig1b,STY,80.00,t_res,-ln(1-conversion),4.00399433062749,0.05006524175405502
STY_fig1b.xlsx,STY_fig1b,STY,80.00,t_res,-ln(1-conversion),4.0240831195605,0.050203777849674225
STY_fig1b.xlsx,STY_fig1b,STY,80.00,t_res,-ln(1-conversion),4.04417190849351,0.050339676439762115
STY_fig1b.xlsx,STY_fig1b,STY,80.00,t_res,-ln(1-conversion),4.06426069742652,0.05047298222780228
STY_fig1b.xlsx,STY_fig1b,STY,80.00,t_res,-ln(1-conversion),4.08434948635953,0.05060373991727829
STY_fig1b.xlsx,STY_fig1b,STY,80.00,t_res,-ln(1-conversion),4.104438275292541,0.050731997936964035
STY_fig1b.xlsx,STY_fig1b,STY,80.00,t_res,-ln(1-conversion),4.12452706422555,0.05085781216621399
STY_fig1b.xlsx,STY_fig1b,STY,80.00,t_res,-ln(1-conversion),4.144615853158561,0.050981223583221436
STY_fig1b.xlsx,STY_fig1b,STY,80.00,t_res,-ln(1-conversion),4.16470464209157,0.05110229551792145
STY_fig1b.xlsx,STY_fig1b,STY,80.00,t_res,-ln(1-conversion),4.1847934310245805,0.05122107267379761
STY_fig1b.xlsx,STY_fig1b,STY,80.00,t_res,-ln(1-conversion),4.20488221995759,0.05133761093020439
STY_fig1b.xlsx,STY_fig1b,STY,80.00,t_res,-ln(1-conversion),4.2249710088906,0.05145196244120598
STY_fig1b.xlsx,STY_fig1b,STY,80.00,t_res,-ln(1-conversion),4.24505979782361,0.051564186811447144
STY_fig1b.xlsx,STY_fig1b,STY,80.00,t_res,-ln(1-conversion),4.26514858675662,0.05167432501912117
STY_fig1b.xlsx,STY_fig1b,STY,80.00,t_res,-ln(1-conversion),4.28523737568963,0.051782429218292236
STY_fig1b.xlsx,STY_fig1b,STY,80.00,t_res,-ln(1-conversion),4.30532616462264,0.051888562738895416
STY_fig1b.xlsx,STY_fig1b,STY,80.00,t_res,-ln(1-conversion),4.325414953555651,0.051992762833833694
STY_fig1b.xlsx,STY_fig1b,STY,80.00,t_res,-ln(1-conversion),4.34550374248866,0.05209508538246155
STY_fig1b.xlsx,STY_fig1b,STY,80.00,t_res,-ln(1-conversion),4.365592531421671,0.05219557136297226
STY_fig1b.xlsx,STY_fig1b,STY,80.00,t_res,-ln(1-conversion),4.38568132035468,0.05229426920413971
STY_fig1b.xlsx,STY_fig1b,STY,80.00,t_res,-ln(1-conversion),4.40577010928769,0.05239122360944748
STY_fig1b.xlsx,STY_fig1b,STY,80.00,t_res,-ln(1-conversion),4.4258588982207,0.05248647928237915
STY_fig1b.xlsx,STY_fig1b,STY,80.00,t_res,-ln(1-conversion),4.44594768715371,0.052580080926418304
STY_fig1b.xlsx,STY_fig1b,STY,80.00,t_res,-ln(1-conversion),4.46603647608672,0.05267206206917763
STY_fig1b.xlsx,STY_fig1b,STY,80.00,t_res,-ln(1-conversion),4.48612526501973,0.052762471139431
STY_fig1b.xlsx,STY_fig1b,STY,80.00,t_res,-ln(1-conversion),4.50621405395274,0.05285133793950081
STY_fig1b.xlsx,STY_fig1b,STY,80.00,t_res,-ln(1-conversion),4.52630284288575,0.05293869227170944
STY_fig1b.xlsx,STY_fig1b,STY,80.00,t_res,-ln(1-conversion),4.546391631818761,0.05302458629012108
STY_fig1b.xlsx,STY_fig1b,STY,80.00,t_res,-ln(1-conversion),4.56648042075177,0.05310904234647751
STY_fig1b.xlsx,STY_fig1b,STY,80.00,t_res,-ln(1-conversion),4.5865692096847805,0.05319209396839142
STY_fig1b.xlsx,STY_fig1b,STY,80.00,t_res,-ln(1-conversion),4.60665799861779,0.0532737672328949
STY_fig1b.xlsx,STY_fig1b,STY,80.00,t_res,-ln(1-conversion),4.6267467875508,0.05335409939289093
STY_fig1b.xlsx,STY_fig1b,STY,80.00,t_res,-ln(1-conversion),4.64683557648381,0.05343311280012131
STY_fig1b.xlsx,STY_fig1b,STY,80.00,t_res,-ln(1-conversion),4.66692436541682,0.05351083725690842
STY_fig1b.xlsx,STY_fig1b,STY,80.00,t_res,-ln(1-conversion),4.68701315434983,0.05358729511499405
STY_fig1b.xlsx,STY_fig1b,STY,80.00,t_res,-ln(1-conversion),4.70710194328284,0.053662512451410294
STY_fig1b.xlsx,STY_fig1b,STY,80.00,t_res,-ln(1-conversion),4.72719073221585,0.05373651534318924
STY_fig1b.xlsx,STY_fig1b,STY,80.00,t_res,-ln(1-conversion),4.74727952114886,0.05380932241678238
STY_fig1b.xlsx,STY_fig1b,STY,80.00,t_res,-ln(1-conversion),4.767368310081871,0.053880952298641205
STY_fig1b.xlsx,STY_fig1b,STY,80.00,t_res,-ln(1-conversion),4.78745709901488,0.05395142734050751
STY_fig1b.xlsx,STY_fig1b,STY,80.00,t_res,-ln(1-conversion),4.8075458879478905,0.05402076989412308
STY_fig1b.xlsx,STY_fig1b,STY,80.00,t_res,-ln(1-conversion),4.8276346768808995,0.05408899486064911
STY_fig1b.xlsx,STY_fig1b,STY,80.00,t_res,-ln(1-conversion),4.84772346581391,0.054156117141246796
STY_fig1b.xlsx,STY_fig1b,STY,80.00,t_res,-ln(1-conversion),4.86781225474692,0.05422215908765793
STY_fig1b.xlsx,STY_fig1b,STY,80.00,t_res,-ln(1-conversion),4.88790104367993,0.0542871356010437
STY_fig1b.xlsx,STY_fig1b,STY,80.00,t_res,-ln(1-conversion),4.90798983261294,0.054351065307855606
STY_fig1b.xlsx,STY_fig1b,STY,80.00,t_res,-ln(1-conversion),4.92807862154595,0.05441395565867424
STY_fig1b.xlsx,STY_fig1b,STY,80.00,t_res,-ln(1-conversion),4.94816741047896,0.0544758178293705
STY_fig1b.xlsx,STY_fig1b,STY,80.00,t_res,-ln(1-conversion),4.96825619941197,0.05453667789697647
STY_fig1b.xlsx,STY_fig1b,STY,80.00,t_res,-ln(1-conversion),4.98834498834498,0.054596543312072754
